55,-144,84.243837,84.108071,0.135766,1.150444,0.000722,-0.000294,0,-0.00013,4306.383991,0.409703,13425.55976
,,,,,,,,,,,,
55,-143,84.179974,84.141687,0.038287,1.238363,0.000592,-0.000502,0,-0.000109,5050.938173,0.309871,13753.01166
,,,,,,,,,,,,
55,-142,84.038778,84.127184,-0.088406,1.225449,0.000559,-0.000575,0,-0.000105,5052.511719,0.301472,13720.8007
,,,,,,,,,,,,
55,-141,84.072985,84.026209,0.046777,1.220315,0.000529,-0.000603,0,-0.000073,5090.25293,0.244152,15101.57722
,,,,,,,,,,,,
55,-140,84.102534,84.063741,0.038792,1.220232,0.000469,-0.000556,0,-0.00008,5578.188348,0.238219,14468.42067
,,,,,,,,,,,,
55,-139,84.04408,84.0847,-0.04062,1.24679,0.000418,-0.000647,0,-0.000062,5104.193368,0.230894,16170.29106
,,,,,,,,,,,,
55,-138,83.926966,83.962633,-0.035667,1.300068,0.000407,-0.00069,0,-0.000053,5058.193971,0.232636,17988.4528
,,,,,,,,,,,,
55,-137,84.111751,84.083956,0.027795,1.385693,0.000438,-0.000714,0,-0.000053,5054.276668,0.230654,17851.30745
,,,,,,,,,,,,
55,-136,84.149134,84.069695,0.079439,1.380735,0.00044,-0.000123,0,-0.000127,2848.671947,0.480253,13986.42761
,,,,,,,,,,,,
55,-135,84.114577,84.166322,-0.051745,1.374644,0.000425,-0.000098,0,-0.00011,2677.658934,0.430749,14087.57685
,,,,,,,,,,,,
55,-134,84.289126,84.030166,0.25896,1.338296,0.000445,-0.000225,0,-0.000079,2895.555648,0.324086,14881.64883
,,,,,,,,,,,,
55,-133,84.316546,84.197928,0.118618,1.248803,0.000484,-0.000355,0,-0.000037,5008.853958,0.160877,17795.04354
,,,,,,,,,,,,
55,-132,84.13689,84.029749,0.107141,1.144093,0.00045,-0.000302,0,-0.000003,10078.05653,0.00893,17987.08034
,,,,,,,,,,,,
55,-131,84.352001,84.029315,0.322686,1.174067,0.000498,-0.00033,0,-0.000002,10129.79854,0.007001,15322.13674
,,,,,,,,,,,,
55,-130,84.65058,84.542046,0.108534,1.285691,0.000635,-0.000003,0,-0.000035,2706.589296,0.166057,16564.97795
,,,,,,,,,,,,
55,-129,85.510747,85.531048,-0.020301,1.238575,0.000632,-0.00046,0,-0.000032,3780.324449,0.103731,13213.14549
,,,,,,,,,,,,
55,-128,85.973987,86.029582,-0.055596,1.258726,0.000688,-0.000682,0,-0.000028,5320.970958,0.070691,12717.79858
,,,,,,,,,,,,
55,-127,86.399107,86.202231,0.196876,1.112407,0.000676,-0.00021,0,-0.000045,3160.536712,0.142787,12801.53873
,,,,,,,,,,,,
55,-126,85.858529,85.834475,0.024054,1.117097,0.000665,-0.000218,0,-0.000039,4005.823749,0.114198,12811.17994
,,,,,,,,,,,,
55,-125,85.619567,85.55639,0.063177,0.949433,0.000587,-0.000081,0,-0.000028,3832.358336,0.104756,14813.63896
,,,,,,,,,,,,
55,-124,78.063285,78.641254,-0.577968,0.832345,0.000622,-0.000077,0,-0.00003,3835.423915,0.089913,12690.142
,,,,,,,,,,,,
55,-123,85.646041,85.412328,0.233713,0.949156,0.000448,-0.000113,0,-0.000022,3431.350427,0.099322,17021.12606
,,,,,,,,,,,,
55,-122,86.267541,86.312187,-0.044646,0.928377,0.000304,0,0,-0.000016,3314.013782,0.07491,17602.85123
,,,,,,,,,,,,
55,-121,85.918582,85.972094,-0.053512,0.83318,0.000183,0,0,-0.000017,4635.069203,0.048528,12625.15604
,,,,,,,,,,,,
55,-120,85.566034,85.548054,0.017981,0.924305,0.000091,-0.000135,0,-0.000006,4057.542333,0.031245,17878.94216
,,,,,,,,,,,,
55,-119,85.421012,85.580434,-0.159421,1.185723,0.000023,-0.000446,0,-0.000005,6777.283859,0.012738,13073.96884
,,,,,,,,,,,,
55,-118,85.469935,85.397088,0.072846,1.223893,0.000682,-0.000027,0,-0.000176,2750.315791,0.39992,9620.576599
,,,,,,,,,,,,
55,-117,85.562027,85.524513,0.037515,1.170308,0.00069,-0.000091,0,-0.000138,2737.700693,0.373539,10806.01087
,,,,,,,,,,,,
55,-116,85.752617,85.691662,0.060954,1.069148,0,-0.000303,0,-0.000008,7547.427571,0.02125,15895.76465
,,,,,,,,,,,,
55,-115,85.977403,85.883827,0.093576,1.231823,0.000426,-0.000523,0,-0.000138,2018.016498,0.4388,11624.61108
,,,,,,,,,,,,
55,-114,85.461506,85.594336,-0.13283,1.306207,0.000485,-0.00066,0,-0.000136,2272.546988,0.458077,12360.45123
,,,,,,,,,,,,
55,-113,85.378528,85.395756,-0.017227,1.238707,0.000548,-0.00053,0,-0.000134,2117.586183,0.440435,11875.69959
,,,,,,,,,,,,
55,-112,85.336874,85.381222,-0.044348,1.207575,0.000588,-0.000298,0,-0.000127,2730.902955,0.40199,12050.69638
,,,,,,,,,,,,
55,-111,85.389266,85.486873,-0.097607,1.247747,0.000623,-0.00083,0,-0.000073,4386.925963,0.189663,12037.63698
,,,,,,,,,,,,
55,-110,85.400332,85.393418,0.006913,1.296984,0.000628,-0.000915,0,-0.000074,4762.83656,0.173804,11681.26529
,,,,,,,,,,,,
55,-109,85.214735,85.369219,-0.154485,1.250368,0.000656,-0.000874,0,-0.000068,4817.093602,0.158054,11698.8282
,,,,,,,,,,,,
55,-108,84.991923,84.96453,0.027393,1.249903,0.000674,-0.000687,0,-0.000058,4880.943313,0.137783,11889.59305
,,,,,,,,,,,,
55,-107,85.131039,85.168052,-0.037012,1.132871,0.000586,-0.00041,0,-0.000044,3206.253407,0.140802,12834.38614
,,,,,,,,,,,,
55,-106,84.861964,84.767154,0.09481,1.056288,0.000577,-0.000291,0,-0.000035,4137.009697,0.102399,12831.34936
,,,,,,,,,,,,
55,-105,84.813806,84.817544,-0.003738,0.90466,0.0006,0,0,-0.000035,4051.996871,0.104405,13010.12329
,,,,,,,,,,,,
55,-104,84.681468,84.565226,0.116242,0.987791,0.000706,0,0,-0.000043,4129.706429,0.121736,12449.48399
,,,,,,,,,,,,
55,-103,84.524667,84.635228,-0.110561,1.024014,0.000714,0,0,-0.000045,3538.248591,0.133877,12524.18848
,,,,,,,,,,,,
55,-102,84.477152,84.511685,-0.034533,0.876299,0.00072,-0.000001,0,-0.000045,4924.610662,0.104887,11979.70673
,,,,,,,,,,,,
55,-101,84.470442,84.539978,-0.069536,0.911416,0.0007,0,0,-0.000053,4136.236719,0.147058,12637.96478
,,,,,,,,,,,,
55,-100,84.643166,84.543168,0.099998,0.889317,0.000671,-0.000063,0,-0.000062,2840.311216,0.199815,12705.21212
,,,,,,,,,,,,
55,-99,84.629545,84.431249,0.198296,0.930011,0.00063,-0.000003,0,-0.000063,2837.357023,0.201403,12685.98477
,,,,,,,,,,,,
55,-98,78.763812,79.110989,-0.347177,1.177913,0.000698,-0.000651,0,-0.000065,4983.993797,0.145395,11443.37388
,,,,,,,,,,,,
55,-97,84.737994,84.682934,0.05506,1.071929,0.000513,-0.000052,0,-0.000079,2838.531337,0.244094,12265.82816
,,,,,,,,,,,,
55,-96,84.639862,84.678622,-0.038761,1.047456,0.000572,0,0,-0.000076,2260.581491,0.255972,11965.18772
,,,,,,,,,,,,
55,-95,84.709798,84.608761,0.101038,0.96887,0.000518,-0.000051,0,-0.000066,2854.38378,0.20978,12019.31326
,,,,,,,,,,,,
55,-94,84.617805,84.534908,0.082897,0.82189,0.00039,-0.000094,0,-0.000051,4993.205966,0.118013,12130.23311
,,,,,,,,,,,,
55,-93,84.583046,84.620919,-0.037873,0.82062,0.000524,-0.000396,0,-0.00009,2140.911379,0.306058,12113.65004
,,,,,,,,,,,,
55,-92,84.584599,84.481804,0.102795,0.75318,0.000581,-0.000176,0,-0.000093,2150.315219,0.315311,12143.36835
,,,,,,,,,,,,
55,-91,84.490942,84.503091,-0.012148,0.693116,0.000063,0,0,-0.00003,5711.282548,0.068599,12859.68059
,,,,,,,,,,,,
55,-90,84.430858,84.469007,-0.038149,0.702585,0.000013,0,0,-0.000027,4302.560444,0.081432,13595.71787
,,,,,,,,,,,,
55,-89,84.409425,84.368669,0.040757,0.690786,0,0,0,-0.000028,3588.754111,0.092427,13625.20614
,,,,,,,,,,,,
55,-88,84.512532,84.426502,0.08603,0.706503,0,-0.000125,0,-0.000024,5026.853838,0.06271,12931.49311
,,,,,,,,,,,,
55,-87,84.532744,84.630444,-0.0977,0.702097,0.000014,-0.000189,0,-0.000016,6429.965672,0.033764,12876.70408
,,,,,,,,,,,,
55,-86,84.508444,84.47192,0.036524,0.681185,0.000105,-0.000073,0,-0.000022,5031.71429,0.056134,12930.7076
,,,,,,,,,,,,
55,-85,84.628196,84.592139,0.036057,0.754369,0.000405,0,0,-0.000127,2161.799939,0.384888,11481.03502
,,,,,,,,,,,,
55,-84,84.519735,84.665543,-0.145808,0.779045,0.000385,0,0,-0.000144,2160.947379,0.439713,11514.63362
,,,,,,,,,,,,
55,-83,84.409717,84.469393,-0.059676,0.756129,0.000422,0,0,-0.000162,2165.215273,0.483741,10811.05258
,,,,,,,,,,,,
55,-82,84.568928,84.696941,-0.128012,0.723918,0.000332,0,0,-0.000167,2165.684275,0.493562,10826.17075
,,,,,,,,,,,,
55,-81,84.465423,84.715523,-0.2501,0.708164,0.000296,0,0,-0.000168,2165.965471,0.492786,10826.78769
,,,,,,,,,,,,
55,-80,84.515737,84.596719,-0.080982,0.698941,0.000259,0,0,-0.000172,2165.684388,0.499907,10820.27512
,,,,,,,,,,,,
55,-79,84.582307,84.637616,-0.055309,0.695333,0.000058,0,0,-0.000033,5775.578949,0.06234,11543.93145
,,,,,,,,,,,,
55,-78,84.729884,84.805811,-0.075927,0.71267,0.000312,0,0,-0.000176,2151.658812,0.496914,10735.93194
,,,,,,,,,,,,
55,-77,84.71508,84.856251,-0.141172,0.755884,0.000011,-0.000011,0,-0.000031,6236.293603,0.053347,11301.10517
,,,,,,,,,,,,
55,-76,85.058845,85.064401,-0.005556,0.883699,0.000046,-0.000131,0,-0.000019,5660.878732,0.044113,10612.10345
,,,,,,,,,,,,
55,-75,85.055479,84.995726,0.059753,0.989401,0.000265,0,0,-0.000167,2119.736957,0.465288,10581.96895
,,,,,,,,,,,,
55,-74,85.180726,85.220178,-0.039453,0.962901,0,-0.000161,0,-0.000033,4914.368421,0.071026,11232.72284
,,,,,,,,,,,,
55,-73,85.207994,85.288255,-0.080261,0.830782,0.000049,-0.000005,0,-0.000031,4896.684074,0.070813,9797.493096
,,,,,,,,,,,,
55,-72,85.135419,85.119429,0.015989,0.95171,0.000023,-0.000082,0,0,4166.272963,0.036954,10340.95358
,,,,,,,,,,,,
55,-71,85.252135,85.127268,0.124868,0.913677,0.000103,-0.000022,0,-0.000024,2790.103812,0.094503,10419.70712
,,,,,,,,,,,,
55,-70,85.130856,85.157505,-0.026649,0.968819,0.000182,-0.000108,0,-0.000067,5502.540847,0.105754,9917.828932
,,,,,,,,,,,,
55,-69,85.406873,85.475599,-0.068726,1.152371,0.000228,0,0,-0.00015,2767.862705,0.399808,11064.42084
,,,,,,,,,,,,
55,-68,85.465532,85.472569,-0.007037,1.328651,0.000265,-0.000315,0,-0.000147,2772.458108,0.40145,11088.65091
,,,,,,,,,,,,
55,-67,85.421169,85.563796,-0.142627,1.151087,0.000317,-0.00001,0,-0.000156,2769.689509,0.421929,11032.37841
,,,,,,,,,,,,
55,-66,85.433444,85.331569,0.101875,1.050849,0.000348,0,0,-0.000174,2778.183031,0.468098,11096.83209
,,,,,,,,,,,,
55,-65,85.53561,85.432477,0.103134,0.995042,0.000357,0,0,-0.000181,2768.421144,0.47855,10374.02961
,,,,,,,,,,,,
55,-64,85.262868,85.260294,0.002574,1.003093,0.00034,0,0,-0.000151,2793.688899,0.414657,11152.84208
,,,,,,,,,,,,
55,-63,85.275156,85.271694,0.003462,0.979911,0.000363,-0.000014,0,-0.000166,2792.28442,0.459062,11167.14525
,,,,,,,,,,,,
55,-62,85.050286,85.065014,-0.014728,1.031325,0.000366,-0.000257,0,-0.000173,3468.869549,0.441819,10937.44193
,,,,,,,,,,,,
55,-61,84.550004,84.538643,0.011361,1.041413,0.000315,-0.000531,0,-0.000115,3572.172986,0.326182,12140.91046
,,,,,,,,,,,,
55,-60,84.474494,84.440845,0.033649,1.013187,0.00031,-0.000551,0,-0.000128,4278.970005,0.307148,11429.41657
,,,,,,,,,,,,
55,-59,84.463658,84.370207,0.093452,0.930727,0.000349,-0.00047,0,-0.000099,5020.105195,0.219908,11479.10574
,,,,,,,,,,,,
55,-58,84.385787,84.317558,0.068229,0.737046,0.000223,-0.000297,0,-0.000062,5744.780048,0.135977,12305.57395
,,,,,,,,,,,,
55,-57,84.343874,84.379904,-0.03603,0.682381,0.000017,-0.000001,0,-0.000058,2207.662148,0.217725,14155.31356
,,,,,,,,,,,,
55,-56,84.383611,84.332802,0.050809,0.645679,0,0,0,-0.000045,2222.887566,0.177523,12716.81749
,,,,,,,,,,,,
55,-55,84.340249,84.323644,0.016605,0.620579,0.000013,0,0,-0.000027,2291.798808,0.117066,12762.34852
,,,,,,,,,,,,
55,-54,84.240298,84.407752,-0.167454,0.603283,0,0,0,-0.000014,2166.142975,0.070467,16313.26073
,,,,,,,,,,,,
55,-53,84.320303,84.319678,0.000625,0.653333,0.000113,0,0,-0.000014,2361.961158,0.071635,17427.74745
,,,,,,,,,,,,
56,-144,84.269441,84.175948,0.093493,1.133507,0.000733,-0.000259,0,-0.000131,4320.144837,0.402238,13206.25801
,,,,,,,,,,,,
56,-143,84.2343,84.147868,0.086432,1.19045,0.00061,-0.000575,0,-0.000081,4424.463989,0.305424,16036.75916
,,,,,,,,,,,,
56,-142,84.225742,84.239128,-0.013386,1.168185,0.000564,-0.000569,0,-0.000092,4374.966545,0.299776,14215.86714
,,,,,,,,,,,,
56,-141,84.143339,84.081471,0.061868,1.203531,0.000508,-0.000513,0,-0.000101,5018.897333,0.294946,13787.59601
,,,,,,,,,,,,
56,-140,84.130341,84.055825,0.074516,1.235054,0.000454,-0.000548,0,-0.0001,5049.147181,0.290724,13726.04353
,,,,,,,,,,,,
56,-139,84.195899,84.095406,0.100492,1.236717,0.000415,-0.000603,0,-0.000053,5079.517268,0.232002,17988.09466
,,,,,,,,,,,,
56,-138,84.303247,84.12799,0.175257,1.358873,0.00041,-0.000654,0,-0.000096,4987.574859,0.283095,13732.12526
,,,,,,,,,,,,
56,-137,84.048841,84.128248,-0.079407,1.38233,0.000438,-0.000184,0,-0.000133,2882.672981,0.489736,13751.65932
,,,,,,,,,,,,
56,-136,84.073779,84.111381,-0.037602,1.486033,0.000483,-0.000553,0,-0.000085,5775.157678,0.226129,13729.47354
,,,,,,,,,,,,
56,-135,80.344085,80.20931,0.134775,1.311133,0.00046,-0.000028,0,-0.000107,3601.559824,0.378375,14072.65224
,,,,,,,,,,,,
56,-134,83.99263,84.091942,-0.099312,1.281836,0.000459,-0.000077,0,-0.0001,3514.072293,0.354582,13902.31124
,,,,,,,,,,,,
56,-133,84.435829,84.198469,0.23736,1.276217,0.000513,-0.000152,0,-0.000104,3582.294789,0.349835,13623.65105
,,,,,,,,,,,,
56,-132,84.42519,84.582197,-0.157006,1.247743,0.000545,-0.000369,0,-0.000081,2125.396088,0.411261,17483.00589
,,,,,,,,,,,,
56,-131,85.04711,84.834351,0.212759,1.017452,0.000526,-0.000281,0,-0.000003,9998.234005,0.009258,16643.07261
,,,,,,,,,,,,
56,-130,85.383928,85.377064,0.006864,0.903524,0.000606,-0.000364,0,-0.000056,2654.269209,0.199188,13110.24303
,,,,,,,,,,,,
56,-129,85.096062,85.116029,-0.019967,1.128472,0.00059,-0.000048,0,-0.00004,3427.151814,0.133777,13082.00263
,,,,,,,,,,,,
56,-128,85.655881,85.793803,-0.137922,1.165889,0.000632,-0.000333,0,-0.00004,3314.838246,0.134399,13195.71726
,,,,,,,,,,,,
56,-127,86.315661,86.216964,0.098698,0.933216,0.000695,-0.00015,0,-0.000051,3203.510881,0.153996,12466.04552
,,,,,,,,,,,,
56,-126,86.375941,86.354314,0.021627,0.786846,0.000726,-0.000065,0,-0.000062,3222.041644,0.181419,11688.98778
,,,,,,,,,,,,
56,-125,86.325474,86.21058,0.114895,0.762688,0.000722,-0.000141,0,-0.000037,2720.71621,0.154327,15402.89406
,,,,,,,,,,,,
56,-124,85.228268,85.128466,0.099802,0.848898,0.000697,-0.000282,0,-0.000047,2934.845852,0.157812,12669.25129
,,,,,,,,,,,,
56,-123,85.764326,85.748321,0.016006,0.855828,0.000639,-0.000001,0,-0.000045,2657.263163,0.15296,12607.65606
,,,,,,,,,,,,
56,-122,85.393056,85.323125,0.069931,1.030932,0.000479,-0.000113,0,-0.000035,4077.389936,0.105503,13060.37569
,,,,,,,,,,,,
56,-121,85.627739,85.55643,0.071309,1.156416,0.000381,-0.000005,0,-0.000031,3507.981216,0.103267,13652.05234
,,,,,,,,,,,,
56,-120,85.439839,85.398721,0.041118,1.218992,0.000151,-0.00033,0,-0.000013,3465.095383,0.067037,17997.946
,,,,,,,,,,,,
56,-119,85.238251,85.324389,-0.086138,1.291529,0.000045,-0.000522,0,-0.000009,4777.367998,0.030515,13123.42463
,,,,,,,,,,,,
56,-118,85.293609,85.313541,-0.019933,1.27807,0.000046,-0.000431,0,-0.000007,4770.443674,0.03226,16761.28968
,,,,,,,,,,,,
56,-117,85.429703,85.40825,0.021453,1.349738,0.000026,-0.000658,0,-0.000004,5520.201594,0.019107,17978.3853
,,,,,,,,,,,,
56,-116,85.487389,85.442878,0.044511,1.109733,0,-0.000422,0,-0.000002,7544.33841,0.007785,17993.93505
,,,,,,,,,,,,
56,-115,85.406166,85.463793,-0.057626,1.103933,0,-0.000358,0,-0.000004,8257.428598,0.009105,13072.50495
,,,,,,,,,,,,
56,-114,85.378385,85.230608,0.147777,1.17936,0,-0.00036,0,-0.000005,8302.249384,0.014266,17998.07379
,,,,,,,,,,,,
56,-113,85.438922,85.34319,0.095732,1.377098,0.000413,-0.000776,0,-0.000135,2094.22271,0.451497,12143.0223
,,,,,,,,,,,,
56,-112,85.488718,85.29675,0.191968,1.079177,0.000087,-0.000308,0,-0.000004,8242.994806,0.013918,17999.26175
,,,,,,,,,,,,
56,-111,85.306766,85.172731,0.134035,1.240829,0.000578,-0.000365,0,-0.000139,2106.532832,0.469813,12422.32617
,,,,,,,,,,,,
56,-110,85.111972,84.9669,0.145072,1.037158,0.000466,-0.000238,0,-0.000014,7640.185253,0.025741,12501.47368
,,,,,,,,,,,,
56,-109,84.861177,84.966352,-0.105174,0.987149,0.000615,-0.000054,0,-0.000075,4198.751877,0.210314,12579.84159
,,,,,,,,,,,,
56,-108,81.179163,81.155677,0.023486,1.189137,0.000633,-0.0003,0,-0.000099,2796.357288,0.322577,12473.34138
,,,,,,,,,,,,
56,-107,84.941921,84.923324,0.018597,1.16989,0.00063,-0.000084,0,-0.000084,2800.148515,0.281747,12553.75873
,,,,,,,,,,,,
56,-106,84.907345,84.890841,0.016503,1.160551,0.000685,-0.000134,0,-0.000073,4163.182814,0.195618,11876.53952
,,,,,,,,,,,,
56,-105,84.964842,84.90992,0.054922,1.007825,0.000485,-0.000281,0,-0.00001,8923.14089,0.013082,12574.69971
,,,,,,,,,,,,
56,-104,84.821632,84.783731,0.037901,1.089794,0.00047,-0.000313,0,-0.00001,9087.934413,0.012496,12585.28534
,,,,,,,,,,,,
56,-103,84.604819,84.514189,0.09063,0.934783,0.000355,-0.000213,0,-0.000009,7038.251526,0.021373,13327.22535
,,,,,,,,,,,,
56,-102,84.692492,84.563166,0.129326,0.960959,0.000313,-0.000238,0,-0.000007,7040.010816,0.0242,17943.99477
,,,,,,,,,,,,
56,-101,84.706024,84.655362,0.050663,0.896376,0.000602,-0.000141,0,-0.00005,4270.634785,0.140924,12586.4313
,,,,,,,,,,,,
56,-100,84.436967,84.581904,-0.144937,0.905679,0.000573,-0.000198,0,-0.000063,4931.146074,0.149283,12024.07625
,,,,,,,,,,,,
56,-99,84.646362,84.552758,0.093604,1.018853,0.000559,-0.000332,0,-0.00007,4949.882669,0.163585,12092.27815
,,,,,,,,,,,,
56,-98,84.701119,84.668434,0.032686,1.123533,0.000528,-0.000612,0,-0.00008,4252.736804,0.205564,12061.34472
,,,,,,,,,,,,
56,-97,84.622953,84.655995,-0.033042,1.082849,0.000491,-0.000047,0,-0.000095,2824.592909,0.293952,12145.19898
,,,,,,,,,,,,
56,-96,84.757405,84.720691,0.036714,1.058765,0.000539,-0.000012,0,-0.000094,2698.777831,0.289037,12117.76807
,,,,,,,,,,,,
56,-95,84.686522,84.615287,0.071235,1.035509,0.000653,0,0,-0.0001,2191.529046,0.317095,11513.39831
,,,,,,,,,,,,
56,-94,84.550082,84.534162,0.015919,0.938665,0.000621,-0.000015,0,-0.00008,4278.600766,0.194274,11453.68279
,,,,,,,,,,,,
56,-93,84.568915,84.453577,0.115338,0.874972,0.000573,-0.000021,0,-0.000064,5019.364636,0.142595,11480.37829
,,,,,,,,,,,,
56,-92,84.61584,84.507206,0.108634,0.850534,0.000422,-0.000061,0,-0.000051,5006.943992,0.120806,12201.00384
,,,,,,,,,,,,
56,-91,84.640508,84.615111,0.025397,0.74167,0.000291,0,0,-0.000051,4282.249762,0.136094,12160.35595
,,,,,,,,,,,,
56,-90,84.539877,84.600459,-0.060582,0.725546,0.000139,0,0,-0.00005,3571.540796,0.151683,12859.25292
,,,,,,,,,,,,
56,-89,84.432711,84.566845,-0.134134,0.726099,0.000109,0,0,-0.000037,4300.173128,0.104636,12924.27981
,,,,,,,,,,,,
56,-88,84.257951,84.322845,-0.064894,0.697445,0.000132,-0.000098,0,-0.000025,5767.297738,0.057177,12257.89474
,,,,,,,,,,,,
56,-87,84.549148,84.528758,0.02039,0.636872,0.000343,0,0,-0.000085,2851.463954,0.251594,11686.17832
,,,,,,,,,,,,
56,-86,84.684818,84.64523,0.039589,0.610004,0.00046,-0.000173,0,-0.000116,2177.378897,0.374637,11518.38445
,,,,,,,,,,,,
56,-85,84.598226,84.462329,0.135897,0.611942,0.000521,0,0,-0.00015,2165.685031,0.463125,11522.85497
,,,,,,,,,,,,
56,-84,84.68356,84.662209,0.021351,0.71161,0.000253,0,0,-0.000032,5775.579893,0.063567,11550.31571
,,,,,,,,,,,,
56,-83,84.593285,84.733561,-0.140276,0.707629,0.000131,0,0,-0.000041,6143.345997,0.072344,11401.04692
,,,,,,,,,,,,
56,-82,84.692737,84.792051,-0.099314,0.748694,0.000342,0,0,-0.000151,2165.943219,0.456727,11529.2634
,,,,,,,,,,,,
56,-81,84.589498,84.618112,-0.028614,0.712704,0.000051,0,0,-0.000037,6477.397843,0.05693,10829.88346
,,,,,,,,,,,,
56,-80,84.606724,84.756995,-0.150271,0.735021,0.000019,0,0,-0.000036,5052.894743,0.080114,11530.56646
,,,,,,,,,,,,
56,-79,84.517059,84.661623,-0.144564,0.725947,0.000077,0,0,-0.00003,5061.09333,0.073929,10821.64256
,,,,,,,,,,,,
56,-78,84.653315,84.709242,-0.055928,0.718004,0.00002,0,0,-0.000027,5060.1905,0.070162,10823.76502
,,,,,,,,,,,,
56,-77,84.586067,84.612081,-0.026014,0.699813,0.000312,0,0,-0.000157,2165.052632,0.451821,10815.15997
,,,,,,,,,,,,
56,-76,84.965972,84.923331,0.042641,0.751724,0.00022,0,0,0,5531.859223,0.044712,9496.956331
,,,,,,,,,,,,
56,-75,85.0082,84.988024,0.020176,0.879696,0.000305,0,0,-0.000152,2123.842608,0.431009,10584.95609
,,,,,,,,,,,,
56,-74,85.202709,85.05089,0.151818,0.855996,0.000034,-0.000077,0,-0.000021,4954.523258,0.061844,10614.29469
,,,,,,,,,,,,
56,-73,85.188701,85.243873,-0.055172,0.894279,0.000051,-0.000071,0,-0.000024,4906.149196,0.069004,9827.73479
,,,,,,,,,,,,
56,-72,85.358038,85.321892,0.036146,0.930678,0.000086,-0.000089,0,0,3625.733305,0.038766,9871.56459
,,,,,,,,,,,,
56,-71,84.939165,85.001739,-0.062574,0.974513,0.000198,-0.000207,0,0,3765.178528,0.0407,10260.25
,,,,,,,,,,,,
56,-70,85.253287,85.210304,0.042983,0.982816,0.000005,0,0,-0.000051,3486.37003,0.146565,11154.51599
,,,,,,,,,,,,
56,-69,85.00474,85.177391,-0.172651,1.19472,0.000077,-0.000248,0,-0.000037,5652.29412,0.077637,12010.574
,,,,,,,,,,,,
56,-68,81.793146,81.89162,-0.098474,1.332525,0.000222,-0.00026,0,-0.000111,2816.567653,0.32807,11954.51502
,,,,,,,,,,,,
56,-67,85.187369,85.109542,0.077827,1.214149,0.000132,-0.000278,0,-0.000056,4918.725828,0.129067,11940.36827
,,,,,,,,,,,,
56,-66,85.233953,85.082895,0.151058,1.147272,0.000182,-0.000199,0,-0.000057,4902.185786,0.130576,11900.06425
,,,,,,,,,,,,
56,-65,85.35803,85.257292,0.100738,1.052161,0.000262,-0.000034,0,-0.000079,4202.610516,0.194634,11896.53672
,,,,,,,,,,,,
56,-64,85.429404,85.334504,0.0949,1.077627,0.00029,-0.000153,0,-0.000146,2082.947744,0.446791,11576.45738
,,,,,,,,,,,,
56,-63,85.020782,84.990689,0.030093,0.974794,0.00007,-0.000217,0,-0.000034,5635.00069,0.076883,12676.25217
,,,,,,,,,,,,
56,-62,84.596262,84.556742,0.039521,1.031332,0.000255,-0.000175,0,-0.000132,2569.824204,0.402732,11593.69268
,,,,,,,,,,,,
56,-61,84.479165,84.373223,0.105943,0.889511,0.00029,0,0,-0.000118,2181.108223,0.404177,12144.53732
,,,,,,,,,,,,
56,-60,84.496125,84.326504,0.169621,0.775386,0.000239,-0.000243,0,-0.000061,5436.462059,0.13789,12445.44013
,,,,,,,,,,,,
56,-59,84.379215,84.440336,-0.061121,0.73912,0.000003,0,0,-0.000072,2167.451987,0.268655,13652.99067
,,,,,,,,,,,,
56,-58,84.364996,84.5204,-0.155405,0.736253,0.000182,-0.000352,0,-0.000042,5980.695866,0.088811,12306.55589
,,,,,,,,,,,,
56,-57,84.320909,84.362058,-0.041149,0.657863,0,0,0,-0.000048,2189.058903,0.185462,12532.09232
,,,,,,,,,,,,
56,-56,84.369301,84.275453,0.093848,0.729487,0.000009,-0.000388,0,-0.000025,5775.620608,0.065201,13704.51001
,,,,,,,,,,,,
56,-55,84.439818,84.381092,0.058725,0.750667,0,-0.000395,0,-0.000036,2880.980852,0.132008,13538.45558
,,,,,,,,,,,,
56,-54,84.388224,84.370074,0.01815,0.752142,0,-0.000655,0,-0.000011,2939.074684,0.055579,17191.5365
,,,,,,,,,,,,
56,-53,84.340152,84.351672,-0.01152,0.737485,0,-0.000619,0,-0.00002,2236.134235,0.080747,14390.12852
,,,,,,,,,,,,
57,-144,84.300129,84.195714,0.104415,1.152384,0.000743,-0.000295,0,-0.000125,4275.966054,0.391575,13373.461
,,,,,,,,,,,,
57,-143,84.294841,84.204893,0.089948,1.196321,0.000664,-0.000604,0,-0.000135,3600.493818,0.451275,13827.47207
,,,,,,,,,,,,
57,-142,84.245315,84.078406,0.166909,1.169103,0.000592,-0.000492,0,-0.000071,4392.347244,0.293816,17004.62111
,,,,,,,,,,,,
57,-141,84.210952,84.212757,-0.001805,1.210346,0.000509,-0.000504,0,-0.00008,4790.120252,0.290559,15813.89587
,,,,,,,,,,,,
57,-140,84.162764,84.080559,0.082205,1.239116,0.00046,-0.000594,0,-0.00009,4335.142778,0.284953,13784.52169
,,,,,,,,,,,,
57,-139,84.171446,84.252613,-0.081168,1.326083,0.000438,-0.000586,0,-0.000098,5051.803009,0.284724,13765.81963
,,,,,,,,,,,,
57,-138,84.064354,84.231835,-0.167481,1.475487,0.000467,-0.00074,0,-0.000053,5093.972428,0.229875,17986.38698
,,,,,,,,,,,,
57,-137,84.225297,84.185003,0.040294,1.451523,0.000476,0,0,-0.000132,2887.57811,0.494271,14024.71303
,,,,,,,,,,,,
57,-136,84.118714,84.10049,0.018224,1.342577,0.000509,0,0,-0.000111,3609.302833,0.406117,14495.72936
,,,,,,,,,,,,
57,-135,85.226441,85.285582,-0.059142,1.132597,0.000502,0,0,-0.000106,2065.349551,0.430831,14155.31565
,,,,,,,,,,,,
57,-134,84.237008,84.22068,0.016328,1.347476,0.000512,0,0,-0.000108,2194.503953,0.460138,14946.98814
,,,,,,,,,,,,
57,-133,84.374912,84.467734,-0.092822,1.178127,0.000532,-0.000163,0,-0.000124,2785.616034,0.444497,13535.71198
,,,,,,,,,,,,
57,-132,85.920118,85.863433,0.056685,0.832466,0.000609,-0.000164,0,-0.000022,5916.49431,0.086549,17999.26441
,,,,,,,,,,,,
57,-131,86.344287,86.352334,-0.008047,0.83505,0.000551,-0.000234,0,-0.000004,8417.26509,0.01393,17997.5771
,,,,,,,,,,,,
57,-130,86.362161,86.301989,0.060172,0.985895,0.000602,-0.000411,0,-0.000054,2815.516631,0.235005,16056.75201
,,,,,,,,,,,,
57,-129,86.311668,86.437269,-0.125602,0.959764,0.000591,0,0,-0.000039,2042.099223,0.207387,17974.84254
,,,,,,,,,,,,
57,-128,86.218245,86.327546,-0.109301,0.800205,0.000616,0,0,-0.000046,3100.499262,0.148883,12671.21008
,,,,,,,,,,,,
57,-127,86.390774,86.448357,-0.057583,0.762031,0.00073,0,0,-0.000056,2624.077986,0.182227,12104.93287
,,,,,,,,,,,,
57,-126,86.493965,86.40196,0.092005,0.772585,0.00073,-0.000079,0,-0.000076,2542.132107,0.237489,11689.18317
,,,,,,,,,,,,
57,-125,85.751682,85.812205,-0.060524,0.738573,0.00085,-0.000138,0,-0.000081,2616.896995,0.252046,11990.28416
,,,,,,,,,,,,
57,-124,86.542603,86.710513,-0.167909,0.81017,0.000809,0,0,-0.000076,2065.928816,0.247233,11985.20487
,,,,,,,,,,,,
57,-123,86.189779,86.302699,-0.11292,0.958939,0.000801,0,0,-0.000068,2616.433135,0.209062,11922.25131
,,,,,,,,,,,,
57,-122,85.874407,85.854785,0.019622,1.309947,0.000697,-0.000157,0,-0.00006,4027.432745,0.162021,12131.35653
,,,,,,,,,,,,
57,-121,85.555139,85.422009,0.13313,1.390977,0.000607,-0.000043,0,-0.00006,4087.929605,0.165343,12349.06124
,,,,,,,,,,,,
57,-120,85.393477,85.582609,-0.189132,1.268799,0.000422,0,0,-0.000041,4063.482572,0.118083,12347.21242
,,,,,,,,,,,,
57,-119,85.437026,85.561953,-0.124927,1.135318,0.000176,-0.000066,0,-0.00002,4011.914271,0.061863,13174.61801
,,,,,,,,,,,,
57,-118,76.711227,76.771827,-0.060599,1.191709,0.000066,0,0,-0.000007,3440.162186,0.040449,17937.71803
,,,,,,,,,,,,
57,-117,85.434698,85.303895,0.130803,1.390546,0.000007,0,0,-0.000008,3822.475869,0.034195,14775.13954
,,,,,,,,,,,,
57,-116,85.558778,85.698991,-0.140213,1.270917,0,-0.000003,0,-0.000008,2735.578501,0.042384,17401.98447
,,,,,,,,,,,,
57,-115,85.333439,85.274998,0.058441,1.224024,0.000071,-0.000147,0,-0.000015,3365.601151,0.072267,17849.43461
,,,,,,,,,,,,
57,-114,85.326385,85.143298,0.183087,1.157039,0.000205,-0.000229,0,-0.000049,3382.125003,0.154939,13071.64473
,,,,,,,,,,,,
57,-113,85.298685,85.057335,0.24135,1.222424,0.000305,-0.000166,0,-0.000079,3078.981803,0.251108,12404.24668
,,,,,,,,,,,,
57,-112,85.113726,85.108972,0.004754,1.359926,0.000339,-0.000367,0,-0.000078,3580.864126,0.235931,12495.08307
,,,,,,,,,,,,
57,-111,85.171116,85.075785,0.095331,1.218231,0.000385,-0.000252,0,-0.000056,4875.000285,0.143566,12513.14109
,,,,,,,,,,,,
57,-110,85.229164,85.109327,0.119837,1.180766,0.000051,-0.00034,0,-0.000004,8315.70756,0.012338,17997.20518
,,,,,,,,,,,,
57,-109,85.008291,84.815474,0.192817,1.104831,0.000243,-0.000224,0,-0.000021,6976.390426,0.042113,13252.77807
,,,,,,,,,,,,
57,-108,84.984229,84.801439,0.18279,1.126153,0.000288,-0.000274,0,-0.000015,7668.767653,0.026883,13245.95539
,,,,,,,,,,,,
57,-107,84.96219,85.065361,-0.103171,1.14077,0.000618,-0.000131,0,-0.000144,2086.16416,0.48779,12390.20297
,,,,,,,,,,,,
57,-106,85.217784,85.056621,0.161163,1.092006,0.000643,-0.000189,0,-0.000141,2078.722532,0.473067,12311.11374
,,,,,,,,,,,,
57,-105,85.00259,84.970479,0.032112,1.068641,0.000649,-0.000227,0,-0.000145,2099.311037,0.486933,12366.68819
,,,,,,,,,,,,
57,-104,84.784779,84.682086,0.102693,0.96027,0.000304,-0.000192,0,-0.000013,7690.55859,0.024493,13279.45206
,,,,,,,,,,,,
57,-103,84.675464,84.700982,-0.025518,1.079611,0.000734,0,0,-0.000138,2814.738301,0.433612,11956.17513
,,,,,,,,,,,,
57,-102,84.579214,84.921748,-0.342534,0.937313,0.000602,0,0,-0.000138,2111.369171,0.472103,12627.60186
,,,,,,,,,,,,
57,-101,81.08091,80.967393,0.113517,0.919718,0.000461,0,0,-0.000063,4230.175029,0.178548,12661.23834
,,,,,,,,,,,,
57,-100,84.583609,84.40728,0.176329,0.830165,0.00049,-0.000028,0,-0.000073,4939.251099,0.172796,12045.0255
,,,,,,,,,,,,
57,-99,84.757367,84.714625,0.042741,0.959261,0.000472,-0.000244,0,-0.000063,4278.68558,0.168517,12310.80123
,,,,,,,,,,,,
57,-98,84.76772,84.811863,-0.044143,1.055182,0.000485,-0.000274,0,-0.000098,2142.994731,0.323697,12097.00214
,,,,,,,,,,,,
57,-97,84.831126,84.715271,0.115855,1.109122,0.000494,-0.000142,0,-0.000092,2429.167425,0.307942,12593.87849
,,,,,,,,,,,,
57,-96,84.708926,84.718957,-0.010031,1.088736,0.000491,-0.000132,0,-0.000093,2835.915308,0.298707,12554.03432
,,,,,,,,,,,,
57,-95,84.828725,84.7524,0.076325,1.050934,0.000652,-0.000026,0,-0.000101,2846.773689,0.312742,11850.43642
,,,,,,,,,,,,
57,-94,80.198838,80.219377,-0.020538,1.022387,0.000596,-0.000008,0,-0.000087,3576.810306,0.236716,11482.68614
,,,,,,,,,,,,
57,-93,84.39927,84.550201,-0.150931,0.99914,0.00045,0,0,-0.000065,2894.370713,0.210191,12730.01669
,,,,,,,,,,,,
57,-92,84.453814,84.409665,0.044149,0.915546,0.000456,0,0,-0.000069,3588.799183,0.19726,12280.47635
,,,,,,,,,,,,
57,-91,84.48629,84.530831,-0.044541,0.872915,0.000434,0,0,-0.000066,2163.022614,0.235549,12917.05295
,,,,,,,,,,,,
57,-90,84.508409,84.533303,-0.024894,0.786312,0.000313,0,0,-0.000049,2887.368635,0.171497,12969.72485
,,,,,,,,,,,,
57,-89,84.603971,84.684167,-0.080196,0.688695,0.000146,0,0,-0.000033,5053.041468,0.087144,13058.07362
,,,,,,,,,,,,
57,-88,84.504126,84.581805,-0.077679,0.624524,0.000238,0,0,-0.000029,4337.13648,0.084617,12969.95841
,,,,,,,,,,,,
57,-87,84.623404,84.649259,-0.025855,0.63047,0.000398,0,0,-0.000096,2887.57794,0.280278,11560.85423
,,,,,,,,,,,,
57,-86,84.595842,84.523453,0.072389,0.616207,0.000455,-0.000311,0,-0.000128,2883.37599,0.36017,11612.02134
,,,,,,,,,,,,
57,-85,84.515614,84.592511,-0.076897,0.593357,0.000749,-0.000383,0,-0.000166,2165.687718,0.482767,10761.15713
,,,,,,,,,,,,
57,-84,84.515321,84.648406,-0.133085,0.637196,0.000623,0,0,-0.000167,2165.684211,0.5,10825.18455
,,,,,,,,,,,,
57,-83,84.658756,84.6537,0.005056,0.699566,0.000066,0,0,-0.000038,5790.414507,0.076947,12123.91855
,,,,,,,,,,,,
57,-82,84.620512,84.777414,-0.156903,0.745076,0.000049,0,0,-0.000053,5635.490099,0.111724,12132.20574
,,,,,,,,,,,,
57,-81,84.673552,84.707565,-0.034014,0.754099,0.000028,0,0,-0.000047,5070.991555,0.109164,12260.18344
,,,,,,,,,,,,
57,-80,84.658827,84.86968,-0.210853,0.772457,0.000463,0,0,-0.000137,2165.684606,0.426481,11525.82101
,,,,,,,,,,,,
57,-79,84.625059,84.635239,-0.01018,0.744259,0.000807,0,0,-0.000148,2166.22007,0.433442,10818.0037
,,,,,,,,,,,,
57,-78,84.630744,84.788741,-0.157997,0.681494,0.000073,0,0,-0.000029,6495.552872,0.044757,10831.12549
,,,,,,,,,,,,
57,-77,84.600495,84.66578,-0.065284,0.686101,0.000417,0,0,-0.000154,2166.462766,0.449359,10821.48633
,,,,,,,,,,,,
57,-76,84.950484,85.003592,-0.053108,0.707061,0.00008,0,0,-0.000028,4979.371457,0.071129,10668.9277
,,,,,,,,,,,,
57,-75,84.889343,84.925237,-0.035894,0.729975,0.000023,-0.000002,0,-0.000029,5669.041583,0.063837,9927.209631
,,,,,,,,,,,,
57,-74,85.054945,85.25283,-0.197886,0.820758,0,-0.000096,0,-0.000016,5647.578919,0.049163,9889.586992
,,,,,,,,,,,,
57,-73,85.042376,85.132799,-0.090422,0.879,0.00008,-0.000107,0,0,4456.74571,0.036277,10016.05657
,,,,,,,,,,,,
57,-72,85.170803,85.077603,0.0932,0.883685,0,0,0,0,4081.693052,0.027787,10685.65956
,,,,,,,,,,,,
57,-71,85.058415,85.06372,-0.005305,0.91261,0.000073,0,0,0,3666.855588,0.031235,11008.73035
,,,,,,,,,,,,
57,-70,85.149567,85.138677,0.01089,0.97344,0.000091,0,0,-0.00004,4932.489902,0.094021,12693.0383
,,,,,,,,,,,,
57,-69,84.90615,84.905128,0.001022,1.096404,0.0001,-0.000217,0,-0.000035,5681.684478,0.073557,12072.55483
,,,,,,,,,,,,
57,-68,84.714512,84.794475,-0.079962,1.100417,0.000178,-0.000136,0,-0.000077,4957.786591,0.162325,11358.14201
,,,,,,,,,,,,
57,-67,84.99242,84.747775,0.244645,1.102098,0.000198,-0.000222,0,-0.000051,4967.502246,0.119087,12007.77755
,,,,,,,,,,,,
57,-66,85.070324,84.965933,0.104391,1.041998,0.00024,-0.000143,0,-0.00005,4953.993878,0.1166,11933.7843
,,,,,,,,,,,,
57,-65,85.212187,85.217529,-0.005342,1.062227,0.000398,-0.000397,0,-0.000128,2103.253182,0.398659,11619.22493
,,,,,,,,,,,,
57,-64,85.548394,85.573349,-0.024956,0.947306,0.000289,-0.000294,0,-0.000046,4834.970035,0.108958,11728.85839
,,,,,,,,,,,,
57,-63,85.023304,85.04389,-0.020586,0.723411,0.000456,-0.000005,0,-0.000124,2098.888153,0.377188,11229.72779
,,,,,,,,,,,,
57,-62,84.314668,84.449553,-0.134884,0.696728,0.000485,0,0,-0.000141,2845.890689,0.413419,11519.13956
,,,,,,,,,,,,
57,-61,84.370988,84.451908,-0.08092,0.589988,0.000337,-0.000078,0,-0.000086,4320.951421,0.2252,12276.04879
,,,,,,,,,,,,
57,-60,84.369641,84.475541,-0.1059,0.648148,0.000258,-0.000343,0,-0.000058,5775.157523,0.125483,12272.47773
,,,,,,,,,,,,
57,-59,84.417037,84.433325,-0.016288,0.620972,0.00022,-0.000383,0,-0.000037,5783.120873,0.089014,12987.91251
,,,,,,,,,,,,
57,-58,84.350001,84.277694,0.072308,0.593865,0.000265,-0.000022,0,-0.000035,2013.533066,0.171111,11928.50393
,,,,,,,,,,,,
57,-57,84.414707,84.358176,0.056531,0.669625,0.000017,-0.000409,0,-0.000029,5076.714226,0.075758,13029.46287
,,,,,,,,,,,,
57,-56,84.338747,84.294845,0.043902,0.690178,0.000025,-0.000439,0,-0.000028,5057.667403,0.080278,13702.64866
,,,,,,,,,,,,
57,-55,84.329138,84.413521,-0.084382,0.748433,0,-0.000601,0,-0.000036,2863.507159,0.12863,13922.92387
,,,,,,,,,,,,
57,-54,84.486656,84.385753,0.100904,0.712599,0,-0.000498,0,-0.00001,3613.866383,0.04901,17975.55058
,,,,,,,,,,,,
57,-53,84.469389,84.307523,0.161866,0.65695,0,-0.000299,0,-0.000006,6057.728938,0.024224,17340.03839
,,,,,,,,,,,,
58,-144,84.328775,84.184271,0.144504,1.200617,0.000692,-0.000424,0,-0.000139,3398.331785,0.465631,13202.90647
,,,,,,,,,,,,
58,-143,84.345289,84.155267,0.190022,1.214075,0.000676,-0.000481,0,-0.000114,3544.752845,0.439684,15418.63516
,,,,,,,,,,,,
58,-142,84.218694,84.260204,-0.04151,1.220428,0.00065,-0.000481,0,-0.000068,4414.163825,0.287421,17354.47823
,,,,,,,,,,,,
58,-141,84.199322,84.248728,-0.049405,1.286405,0.000562,-0.00053,0,-0.000097,4258.268409,0.347301,15096.16843
,,,,,,,,,,,,
58,-140,84.214007,84.209554,0.004453,1.361632,0.00053,-0.000542,0,-0.000083,5032.435712,0.280421,15254.72148
,,,,,,,,,,,,
58,-139,84.259456,84.437939,-0.178483,1.482493,0.00053,-0.00066,0,-0.000065,5085.802698,0.225621,15522.64287
,,,,,,,,,,,,
58,-138,84.113891,84.271657,-0.157767,1.485619,0.000503,0,0,-0.000098,2186.490713,0.496285,17340.28005
,,,,,,,,,,,,
58,-137,84.17181,84.071461,0.100349,1.50074,0.000514,0,0,-0.000095,2177.379426,0.497889,17921.2993
,,,,,,,,,,,,
58,-136,84.977046,84.950527,0.026519,1.377234,0.000565,-0.00061,0,-0.000059,5077.081299,0.202883,15437.09758
,,,,,,,,,,,,
58,-135,84.244538,84.242398,0.00214,1.426535,0.000551,-0.000537,0,-0.000093,5030.610508,0.265727,13666.06826
,,,,,,,,,,,,
58,-134,84.600655,84.703428,-0.102774,1.371316,0.000578,-0.000533,0,-0.000093,4960.663545,0.265897,13582.83219
,,,,,,,,,,,,
58,-133,86.013833,86.017184,-0.003351,0.904925,0.000609,-0.000319,0,-0.000105,3277.682009,0.322178,12571.06933
,,,,,,,,,,,,
58,-132,86.558574,86.670613,-0.112038,0.899811,0.000638,-0.000292,0,-0.000063,2583.24057,0.313654,17957.19056
,,,,,,,,,,,,
58,-131,85.236024,85.161547,0.074477,1.009505,0.000578,-0.000217,0,-0.000022,6153.835788,0.086815,17999.62476
,,,,,,,,,,,,
58,-130,85.644404,85.689487,-0.045083,0.936556,0.000525,-0.000254,0,-0.000009,7321.509299,0.033378,17993.07473
,,,,,,,,,,,,
58,-129,86.012395,85.995509,0.016886,0.937939,0.000501,-0.000269,0,-0.000005,8237.147731,0.01665,17878.77894
,,,,,,,,,,,,
58,-128,86.345717,86.216565,0.129152,0.8807,0.000514,-0.000274,0,-0.000004,7800.518302,0.01492,17976.52407
,,,,,,,,,,,,
58,-127,86.906949,86.909335,-0.002386,0.826076,0.000684,-0.000133,0,-0.00005,4156.529991,0.129797,11610.49574
,,,,,,,,,,,,
58,-126,86.505406,86.381678,0.123729,0.744948,0.000485,-0.000229,0,-0.000002,8337.437684,0.008592,17978.5722
,,,,,,,,,,,,
58,-125,87.255739,87.305288,-0.049549,0.674385,0.000808,-0.000248,0,-0.000082,2458.172424,0.238989,11260.3617
,,,,,,,,,,,,
58,-124,86.392087,86.335494,0.056593,0.797254,0.000976,0,0,-0.000102,2003.548807,0.333235,11652.50722
,,,,,,,,,,,,
58,-123,85.345312,85.339029,0.006282,0.906593,0.001014,-0.000069,0,-0.00012,2045.842121,0.411155,12239.39628
,,,,,,,,,,,,
58,-122,85.207576,85.23733,-0.029755,1.031283,0.000957,-0.000459,0,-0.000124,2078.572514,0.419928,12153.23851
,,,,,,,,,,,,
58,-121,85.180351,84.921141,0.25921,1.256477,0.000804,-0.000907,0,-0.000115,2101.179325,0.406576,12480.33663
,,,,,,,,,,,,
58,-120,85.538402,85.501848,0.036555,1.388904,0.000679,-0.001103,0,-0.000098,2063.872398,0.344752,12324.69737
,,,,,,,,,,,,
58,-119,85.464092,85.50228,-0.038188,1.234044,0.00039,-0.000529,0,-0.00004,4803.442115,0.103028,12362.79502
,,,,,,,,,,,,
58,-118,85.092774,85.010352,0.082421,1.257956,0.000067,-0.000394,0,-0.000016,3692.419975,0.067753,15966.20814
,,,,,,,,,,,,
58,-117,84.948031,84.893654,0.054377,1.262397,0.000048,-0.000371,0,-0.00001,3669.728451,0.040948,14905.55544
,,,,,,,,,,,,
58,-116,85.261837,84.934829,0.327007,1.151852,0.000027,-0.000152,0,-0.000008,2877.193923,0.044207,17681.06296
,,,,,,,,,,,,
58,-115,84.760071,84.707163,0.052908,1.099606,0.00003,-0.000192,0,-0.000005,3883.116588,0.026452,13099.92747
,,,,,,,,,,,,
58,-114,84.961965,84.745513,0.216452,1.123945,0.000027,-0.000179,0,-0.000011,4910.820907,0.03743,12710.2204
,,,,,,,,,,,,
58,-113,85.230508,85.177346,0.053162,1.026808,0.000099,-0.000095,0,-0.00003,4806.591704,0.07673,12392.3142
,,,,,,,,,,,,
58,-112,84.990222,84.903827,0.086396,1.102954,0.000128,0,0,-0.000044,4222.43895,0.128857,13242.10898
,,,,,,,,,,,,
58,-111,84.775565,84.67666,0.098905,1.187984,0.000301,-0.000104,0,-0.000056,4967.933552,0.139884,12251.31157
,,,,,,,,,,,,
58,-110,84.811287,84.74094,0.070347,1.159583,0.000321,-0.00018,0,-0.000043,5615.462694,0.102123,12626.73766
,,,,,,,,,,,,
58,-109,85.014,84.960157,0.053843,1.214347,0.000001,-0.000354,0,-0.000004,8344.965527,0.013009,17997.12809
,,,,,,,,,,,,
58,-108,85.050847,85.020035,0.030812,1.254793,0.000028,-0.000368,0,-0.000004,8339.577969,0.013054,17997.80211
,,,,,,,,,,,,
58,-107,84.926804,84.887279,0.039525,1.220211,0.000162,-0.000311,0,-0.000013,7679.910859,0.023867,13263.89568
,,,,,,,,,,,,
58,-106,84.898883,84.974942,-0.076059,1.328635,0.000102,-0.000394,0,-0.000004,8385.714807,0.013148,17996.86248
,,,,,,,,,,,,
58,-105,84.894395,84.951744,-0.057349,1.274506,0.000151,-0.000367,0,-0.000008,8359.61617,0.01322,13235.98083
,,,,,,,,,,,,
58,-104,84.893723,84.963891,-0.070168,1.326447,0.00019,-0.000363,0,-0.000012,7688.663282,0.022536,13279.51992
,,,,,,,,,,,,
58,-103,81.757587,81.60709,0.150497,1.262021,0.000245,-0.00034,0,-0.000012,7689.324906,0.021561,13280.80265
,,,,,,,,,,,,
58,-102,84.883778,84.946492,-0.062713,0.863684,0.000464,-0.000016,0,-0.000026,6341.150544,0.056542,12677.6842
,,,,,,,,,,,,
58,-101,84.812232,84.867627,-0.055395,1.036239,0.000714,0,0,-0.000095,3531.188042,0.272246,11870.80822
,,,,,,,,,,,,
58,-100,84.608326,84.64776,-0.039435,0.892486,0.000475,0,0,-0.000086,4220.904378,0.221981,12088.7598
,,,,,,,,,,,,
58,-99,84.86858,84.800036,0.068545,0.955202,0.000428,-0.000113,0,-0.000077,2825.737297,0.254489,12705.14549
,,,,,,,,,,,,
58,-98,84.960407,84.834311,0.126097,1.026142,0.000422,-0.000351,0,-0.00006,3529.934525,0.182587,12571.6101
,,,,,,,,,,,,
58,-97,84.788236,84.805005,-0.016769,1.078651,0.000432,-0.000434,0,-0.000056,3537.899327,0.172747,12724.8213
,,,,,,,,,,,,
58,-96,84.785929,84.79889,-0.012961,1.100207,0.000501,0,0,-0.000097,2002.353842,0.334531,12398.63516
,,,,,,,,,,,,
58,-95,84.573332,84.583445,-0.010113,1.073998,0.000468,-0.000096,0,-0.00008,2831.615323,0.248931,12196.51936
,,,,,,,,,,,,
58,-94,84.55871,84.593616,-0.034905,1.053461,0.000404,-0.000015,0,-0.000073,2871.174312,0.229157,12289.93123
,,,,,,,,,,,,
58,-93,84.434596,84.539183,-0.104587,1.030981,0.00044,0,0,-0.000066,2175.052193,0.230113,12631.75639
,,,,,,,,,,,,
58,-92,84.525603,84.585354,-0.059752,0.816587,0.00051,0,0,-0.000073,2214.400553,0.242783,12277.06079
,,,,,,,,,,,,
58,-91,84.577251,84.629524,-0.052273,0.720993,0.00055,0,0,-0.000069,3609.451464,0.19729,12318.79821
,,,,,,,,,,,,
58,-90,84.549975,84.727773,-0.177798,0.718064,0.000469,0,0,-0.000056,2898.410872,0.186617,12647.12498
,,,,,,,,,,,,
58,-89,84.493412,84.593343,-0.099931,0.68753,0.000246,0,0,-0.000038,3609.832435,0.125561,13703.50074
,,,,,,,,,,,,
58,-88,84.597505,84.579961,0.017545,0.635071,0.000328,-0.000051,0,-0.000031,4353.020754,0.089773,12858.73796
,,,,,,,,,,,,
58,-87,84.640223,84.646252,-0.006029,0.646244,0.000524,0,0,-0.000089,2847.477561,0.268804,11699.39992
,,,,,,,,,,,,
58,-86,84.596097,84.538999,0.057098,0.626277,0.000481,-0.00033,0,-0.000096,3303.627323,0.268367,11817.58201
,,,,,,,,,,,,
58,-85,84.550416,84.549995,0.000421,0.60007,0.000505,-0.000552,0,-0.00015,2887.578496,0.393986,10834.77338
,,,,,,,,,,,,
58,-84,84.564661,84.667218,-0.102558,0.589986,0.000603,-0.00027,0,-0.00019,2887.578946,0.468481,10119.20261
,,,,,,,,,,,,
58,-83,84.573107,84.53031,0.042797,0.605116,0.000529,0,0,-0.000148,2178.037521,0.46138,11537.12529
,,,,,,,,,,,,
58,-82,84.659155,84.576349,0.082806,0.658302,0.000533,0,0,-0.000143,2165.684211,0.451574,11516.50759
,,,,,,,,,,,,
58,-81,84.594806,84.698293,-0.103486,0.741365,0.000072,0,0,-0.000055,5770.917895,0.104745,11554.99104
,,,,,,,,,,,,
58,-80,84.630357,84.80894,-0.178583,0.795158,0.00006,0,0,-0.00006,5009.406649,0.133289,12287.23395
,,,,,,,,,,,,
58,-79,84.583564,84.839272,-0.255708,0.766496,0,0,0,-0.00001,5703.979586,0.036426,10994.65825
,,,,,,,,,,,,
58,-78,84.696128,84.777975,-0.081847,0.742356,0.000062,0,0,-0.000019,5053.370678,0.042691,12212.62624
,,,,,,,,,,,,
58,-77,84.775101,84.951314,-0.176213,0.723993,0.000663,0,0,-0.000177,2153.304082,0.464239,9992.204909
,,,,,,,,,,,,
58,-76,85.027369,85.019149,0.00822,0.731804,0.000142,0,0,-0.00002,5709.472306,0.054129,10000.90746
,,,,,,,,,,,,
58,-75,80.003003,80.13361,-0.130606,0.73363,0.00018,-0.000004,0,0,5689.271599,0.031332,10096.71178
,,,,,,,,,,,,
58,-74,85.115724,85.021089,0.094635,0.81318,0,0,0,-0.000007,4289.485476,0.039145,11305.56865
,,,,,,,,,,,,
58,-73,84.938521,84.95071,-0.012188,0.879001,0,-0.000102,0,0,4566.577607,0.023683,10795.3652
,,,,,,,,,,,,
58,-72,85.042636,85.128945,-0.086309,0.863103,0,-0.000003,0,0,3964.436176,0.019581,11576.4077
,,,,,,,,,,,,
58,-71,85.264749,85.282052,-0.017303,0.958765,0,-0.000111,0,-0.000007,4684.967889,0.030612,11403.71591
,,,,,,,,,,,,
58,-70,84.976512,84.889281,0.08723,1.041418,0.000113,0,0,-0.000037,4276.105274,0.099727,12059.86735
,,,,,,,,,,,,
58,-69,84.701655,84.668295,0.03336,0.918433,0.000125,-0.0001,0,-0.000034,5720.937112,0.071664,12155.2935
,,,,,,,,,,,,
58,-68,84.362889,84.56682,-0.20393,0.935132,0.000259,0,0,-0.000063,4298.035811,0.161441,12176.66884
,,,,,,,,,,,,
58,-67,84.443422,84.346493,0.096929,0.797317,0.000117,-0.000013,0,-0.000048,5719.574155,0.096247,11439.16254
,,,,,,,,,,,,
58,-66,84.963423,84.835975,0.127447,0.853908,0.000037,0,0,-0.000042,4737.027915,0.104984,11381.88208
,,,,,,,,,,,,
58,-65,85.497608,85.438966,0.058642,0.816179,0.000001,0,0,-0.000045,4858.394133,0.10541,11852.94746
,,,,,,,,,,,,
58,-64,85.734234,85.606676,0.127558,0.795202,0.000114,0,0,-0.00005,4817.070037,0.113743,11716.62405
,,,,,,,,,,,,
58,-63,84.694791,84.67008,0.024711,0.698093,0.00056,-0.000002,0,-0.000103,2121.784863,0.345152,11961.68099
,,,,,,,,,,,,
58,-62,84.531294,84.418755,0.11254,0.5873,0.000766,-0.000016,0,-0.000123,2316.539742,0.398638,11798.21903
,,,,,,,,,,,,
58,-61,84.412128,84.370119,0.042009,0.551225,0.00038,-0.000197,0,-0.000123,2028.050446,0.437433,12851.61636
,,,,,,,,,,,,
58,-60,84.33891,84.396631,-0.057721,0.58289,0.000251,-0.000366,0,-0.000047,5054.27284,0.117498,12552.65221
,,,,,,,,,,,,
58,-59,84.305904,84.336509,-0.030605,0.586223,0.00017,-0.000354,0,-0.000033,5787.631905,0.079389,12915.70398
,,,,,,,,,,,,
58,-58,84.428,84.259244,0.168756,0.593373,0.00017,-0.000308,0,-0.000028,5824.905611,0.06673,12786.379
,,,,,,,,,,,,
58,-57,84.417978,84.324318,0.09366,0.719431,0.000041,-0.000612,0,-0.00004,3652.482411,0.129665,13630.15123
,,,,,,,,,,,,
58,-56,84.314611,84.368768,-0.054157,0.718105,0.000023,-0.00066,0,-0.000048,3214.063143,0.160528,13432.25201
,,,,,,,,,,,,
58,-55,84.412796,84.366283,0.046514,0.722431,0.000038,-0.000889,0,-0.000038,2180.704188,0.148731,13668.23454
,,,,,,,,,,,,
58,-54,84.375224,84.323593,0.051631,0.714422,0,-0.00079,0,-0.000021,2165.898306,0.10385,17465.17427
,,,,,,,,,,,,
58,-53,84.335657,84.337288,-0.00163,0.713866,0.000153,-0.000638,0,-0.000028,2215.879092,0.103995,13439.4705
,,,,,,,,,,,,
,Min,-0.274813,-3.603599,-0.577968,,,,,,,,
,Max,0.491794,0.553596,0.327007,,,,,,,,
,,,,,,,,,,,,
Counts,""">0.5""",0,1,0,,,,,,,,
,""">0.75""",0,0,0,,,,,,,,
,,,,,,,,,,,,
,"""<-0.5""",0,1,1,,,,,,,,
,"""<-0.75""",,1,0,,,,,,,,
,"""<-1.0""",,1,0,,,,,,,,
,"""<-2.5""",,1,,,,,,,,,
,"""<-5.0""",,0,,,,,,,,,
,,,,,,,,,,,,
,,,,,,,,,,,,
Profile Count,,276,92,368,,,,,,,,
Total,,736,,,,,,,,,,
