55.000000,-144.000000,84.243837,84.108071,0.135766,1.150444,0.000722,-0.000294,0.000000,-0.000130,4306.383991,0.409703,13425.559762
55.000000,-143.000000,84.179974,84.141687,0.038287,1.238363,0.000592,-0.000502,0.000000,-0.000109,5050.938173,0.309871,13753.011657
55.000000,-142.000000,84.038778,84.127184,-0.088406,1.225449,0.000559,-0.000575,0.000000,-0.000105,5052.511719,0.301472,13720.800696
55.000000,-141.000000,84.072985,84.026209,0.046777,1.220315,0.000529,-0.000603,0.000000,-0.000073,5090.252930,0.244152,15101.577217
55.000000,-140.000000,84.102534,84.063741,0.038792,1.220232,0.000469,-0.000556,0.000000,-0.000080,5578.188348,0.238219,14468.420670
55.000000,-139.000000,84.044080,84.084700,-0.040620,1.246790,0.000418,-0.000647,0.000000,-0.000062,5104.193368,0.230894,16170.291064
55.000000,-138.000000,83.926966,83.962633,-0.035667,1.300068,0.000407,-0.000690,0.000000,-0.000053,5058.193971,0.232636,17988.452803
55.000000,-137.000000,84.111751,84.083956,0.027795,1.385693,0.000438,-0.000714,0.000000,-0.000053,5054.276668,0.230654,17851.307453
55.000000,-136.000000,84.149134,84.069695,0.079439,1.380735,0.000440,-0.000123,0.000000,-0.000127,2848.671947,0.480253,13986.427613
55.000000,-135.000000,84.114577,84.166322,-0.051745,1.374644,0.000425,-0.000098,0.000000,-0.000110,2677.658934,0.430749,14087.576848
55.000000,-134.000000,84.289126,84.030166,0.258960,1.338296,0.000445,-0.000225,0.000000,-0.000079,2895.555648,0.324086,14881.648831
55.000000,-133.000000,84.316546,84.197928,0.118618,1.248803,0.000484,-0.000355,0.000000,-0.000037,5008.853958,0.160877,17795.043535
55.000000,-132.000000,84.136890,84.029749,0.107141,1.144093,0.000450,-0.000302,0.000000,-0.000003,10078.056526,0.008930,17987.080339
55.000000,-131.000000,84.352001,84.029315,0.322686,1.174067,0.000498,-0.000330,0.000000,-0.000002,10129.798539,0.007001,15322.136738
55.000000,-130.000000,84.650580,84.542046,0.108534,1.285691,0.000635,-0.000003,0.000000,-0.000035,2706.589296,0.166057,16564.977948
55.000000,-129.000000,85.510747,85.531048,-0.020301,1.238575,0.000632,-0.000460,0.000000,-0.000032,3780.324449,0.103731,13213.145490
55.000000,-128.000000,85.973987,86.029582,-0.055596,1.258726,0.000688,-0.000682,0.000000,-0.000028,5320.970958,0.070691,12717.798576
55.000000,-127.000000,86.399107,86.202231,0.196876,1.112407,0.000676,-0.000210,0.000000,-0.000045,3160.536712,0.142787,12801.538734
55.000000,-126.000000,85.858529,85.834475,0.024054,1.117097,0.000665,-0.000218,0.000000,-0.000039,4005.823749,0.114198,12811.179943
55.000000,-125.000000,85.619567,85.556390,0.063177,0.949433,0.000587,-0.000081,0.000000,-0.000028,3832.358336,0.104756,14813.638963
55.000000,-124.000000,78.063285,78.641254,-0.577968,0.832345,0.000622,-0.000077,0.000000,-0.000030,3835.423915,0.089913,12690.142001
55.000000,-123.000000,85.646041,85.412328,0.233713,0.949156,0.000448,-0.000113,0.000000,-0.000022,3431.350427,0.099322,17021.126058
55.000000,-122.000000,86.267541,86.312187,-0.044646,0.928377,0.000304,0.000000,0.000000,-0.000016,3314.013782,0.074910,17602.851226
55.000000,-121.000000,85.918582,85.972094,-0.053512,0.833180,0.000183,0.000000,0.000000,-0.000017,4635.069203,0.048528,12625.156038
55.000000,-120.000000,85.566034,85.548054,0.017981,0.924305,0.000091,-0.000135,0.000000,-0.000006,4057.542333,0.031245,17878.942161
55.000000,-119.000000,85.421012,85.580434,-0.159421,1.185723,0.000023,-0.000446,0.000000,-0.000005,6777.283859,0.012738,13073.968843
55.000000,-118.000000,85.469935,85.397088,0.072846,1.223893,0.000682,-0.000027,0.000000,-0.000176,2750.315791,0.399920,9620.576599
55.000000,-117.000000,85.562027,85.524513,0.037515,1.170308,0.000690,-0.000091,0.000000,-0.000138,2737.700693,0.373539,10806.010873
55.000000,-116.000000,85.752617,85.691662,0.060954,1.069148,0.000000,-0.000303,0.000000,-0.000008,7547.427571,0.021250,15895.764648
55.000000,-115.000000,85.977403,85.883827,0.093576,1.231823,0.000426,-0.000523,0.000000,-0.000138,2018.016498,0.438800,11624.611075
55.000000,-114.000000,85.461506,85.594336,-0.132830,1.306207,0.000485,-0.000660,0.000000,-0.000136,2272.546988,0.458077,12360.451226
55.000000,-113.000000,85.378528,85.395756,-0.017227,1.238707,0.000548,-0.000530,0.000000,-0.000134,2117.586183,0.440435,11875.699594
55.000000,-112.000000,85.336874,85.381222,-0.044348,1.207575,0.000588,-0.000298,0.000000,-0.000127,2730.902955,0.401990,12050.696383
55.000000,-111.000000,85.389266,85.486873,-0.097607,1.247747,0.000623,-0.000830,0.000000,-0.000073,4386.925963,0.189663,12037.636983
55.000000,-110.000000,85.400332,85.393418,0.006913,1.296984,0.000628,-0.000915,0.000000,-0.000074,4762.836560,0.173804,11681.265287
55.000000,-109.000000,85.214735,85.369219,-0.154485,1.250368,0.000656,-0.000874,0.000000,-0.000068,4817.093602,0.158054,11698.828203
55.000000,-108.000000,84.991923,84.964530,0.027393,1.249903,0.000674,-0.000687,0.000000,-0.000058,4880.943313,0.137783,11889.593047
55.000000,-107.000000,85.131039,85.168052,-0.037012,1.132871,0.000586,-0.000410,0.000000,-0.000044,3206.253407,0.140802,12834.386139
55.000000,-106.000000,84.861964,84.767154,0.094810,1.056288,0.000577,-0.000291,0.000000,-0.000035,4137.009697,0.102399,12831.349360
55.000000,-105.000000,84.813806,84.817544,-0.003738,0.904660,0.000600,0.000000,0.000000,-0.000035,4051.996871,0.104405,13010.123287
55.000000,-104.000000,84.681468,84.565226,0.116242,0.987791,0.000706,0.000000,0.000000,-0.000043,4129.706429,0.121736,12449.483985
55.000000,-103.000000,84.524667,84.635228,-0.110561,1.024014,0.000714,0.000000,0.000000,-0.000045,3538.248591,0.133877,12524.188480
55.000000,-102.000000,84.477152,84.511685,-0.034533,0.876299,0.000720,-0.000001,0.000000,-0.000045,4924.610662,0.104887,11979.706734
55.000000,-101.000000,84.470442,84.539978,-0.069536,0.911416,0.000700,0.000000,0.000000,-0.000053,4136.236719,0.147058,12637.964784
55.000000,-100.000000,84.643166,84.543168,0.099998,0.889317,0.000671,-0.000063,0.000000,-0.000062,2840.311216,0.199815,12705.212124
55.000000,-99.000000,84.629545,84.431249,0.198296,0.930011,0.000630,-0.000003,0.000000,-0.000063,2837.357023,0.201403,12685.984773
55.000000,-98.000000,78.763812,79.110989,-0.347177,1.177913,0.000698,-0.000651,0.000000,-0.000065,4983.993797,0.145395,11443.373884
55.000000,-97.000000,84.737994,84.682934,0.055060,1.071929,0.000513,-0.000052,0.000000,-0.000079,2838.531337,0.244094,12265.828155
55.000000,-96.000000,84.639862,84.678622,-0.038761,1.047456,0.000572,0.000000,0.000000,-0.000076,2260.581491,0.255972,11965.187724
55.000000,-95.000000,84.709798,84.608761,0.101038,0.968870,0.000518,-0.000051,0.000000,-0.000066,2854.383780,0.209780,12019.313262
55.000000,-94.000000,84.617805,84.534908,0.082897,0.821890,0.000390,-0.000094,0.000000,-0.000051,4993.205966,0.118013,12130.233108
55.000000,-93.000000,84.583046,84.620919,-0.037873,0.820620,0.000524,-0.000396,0.000000,-0.000090,2140.911379,0.306058,12113.650041
55.000000,-92.000000,84.584599,84.481804,0.102795,0.753180,0.000581,-0.000176,0.000000,-0.000093,2150.315219,0.315311,12143.368348
55.000000,-91.000000,84.490942,84.503091,-0.012148,0.693116,0.000063,0.000000,0.000000,-0.000030,5711.282548,0.068599,12859.680592
55.000000,-90.000000,84.430858,84.469007,-0.038149,0.702585,0.000013,0.000000,0.000000,-0.000027,4302.560444,0.081432,13595.717872
55.000000,-89.000000,84.409425,84.368669,0.040757,0.690786,0.000000,0.000000,0.000000,-0.000028,3588.754111,0.092427,13625.206143
55.000000,-88.000000,84.512532,84.426502,0.086030,0.706503,0.000000,-0.000125,0.000000,-0.000024,5026.853838,0.062710,12931.493107
55.000000,-87.000000,84.532744,84.630444,-0.097700,0.702097,0.000014,-0.000189,0.000000,-0.000016,6429.965672,0.033764,12876.704081
55.000000,-86.000000,84.508444,84.471920,0.036524,0.681185,0.000105,-0.000073,0.000000,-0.000022,5031.714290,0.056134,12930.707597
55.000000,-85.000000,84.628196,84.592139,0.036057,0.754369,0.000405,-0.000000,0.000000,-0.000127,2161.799939,0.384888,11481.035020
55.000000,-84.000000,84.519735,84.665543,-0.145808,0.779045,0.000385,0.000000,0.000000,-0.000144,2160.947379,0.439713,11514.633619
55.000000,-83.000000,84.409717,84.469393,-0.059676,0.756129,0.000422,0.000000,0.000000,-0.000162,2165.215273,0.483741,10811.052578
55.000000,-82.000000,84.568928,84.696941,-0.128012,0.723918,0.000332,0.000000,0.000000,-0.000167,2165.684275,0.493562,10826.170746
55.000000,-81.000000,84.465423,84.715523,-0.250100,0.708164,0.000296,-0.000000,0.000000,-0.000168,2165.965471,0.492786,10826.787688
55.000000,-80.000000,84.515737,84.596719,-0.080982,0.698941,0.000259,0.000000,0.000000,-0.000172,2165.684388,0.499907,10820.275124
55.000000,-79.000000,84.582307,84.637616,-0.055309,0.695333,0.000058,0.000000,0.000000,-0.000033,5775.578949,0.062340,11543.931446
55.000000,-78.000000,84.729884,84.805811,-0.075927,0.712670,0.000312,-0.000000,0.000000,-0.000176,2151.658812,0.496914,10735.931937
55.000000,-77.000000,84.715080,84.856251,-0.141172,0.755884,0.000011,-0.000011,0.000000,-0.000031,6236.293603,0.053347,11301.105170
55.000000,-76.000000,85.058845,85.064401,-0.005556,0.883699,0.000046,-0.000131,0.000000,-0.000019,5660.878732,0.044113,10612.103453
55.000000,-75.000000,85.055479,84.995726,0.059753,0.989401,0.000265,0.000000,0.000000,-0.000167,2119.736957,0.465288,10581.968951
55.000000,-74.000000,85.180726,85.220178,-0.039453,0.962901,0.000000,-0.000161,0.000000,-0.000033,4914.368421,0.071026,11232.722837
55.000000,-73.000000,85.207994,85.288255,-0.080261,0.830782,0.000049,-0.000005,0.000000,-0.000031,4896.684074,0.070813,9797.493096
55.000000,-72.000000,85.135419,85.119429,0.015989,0.951710,0.000023,-0.000082,0.000000,0.000000,4166.272963,0.036954,10340.953579
55.000000,-71.000000,85.252135,85.127268,0.124868,0.913677,0.000103,-0.000022,0.000000,-0.000024,2790.103812,0.094503,10419.707115
55.000000,-70.000000,85.130856,85.157505,-0.026649,0.968819,0.000182,-0.000108,0.000000,-0.000067,5502.540847,0.105754,9917.828932
55.000000,-69.000000,85.406873,85.475599,-0.068726,1.152371,0.000228,0.000000,0.000000,-0.000150,2767.862705,0.399808,11064.420835
55.000000,-68.000000,85.465532,85.472569,-0.007037,1.328651,0.000265,-0.000315,0.000000,-0.000147,2772.458108,0.401450,11088.650905
55.000000,-67.000000,85.421169,85.563796,-0.142627,1.151087,0.000317,-0.000010,0.000000,-0.000156,2769.689509,0.421929,11032.378414
55.000000,-66.000000,85.433444,85.331569,0.101875,1.050849,0.000348,0.000000,0.000000,-0.000174,2778.183031,0.468098,11096.832090
55.000000,-65.000000,85.535610,85.432477,0.103134,0.995042,0.000357,0.000000,0.000000,-0.000181,2768.421144,0.478550,10374.029608
55.000000,-64.000000,85.262868,85.260294,0.002574,1.003093,0.000340,0.000000,0.000000,-0.000151,2793.688899,0.414657,11152.842075
55.000000,-63.000000,85.275156,85.271694,0.003462,0.979911,0.000363,-0.000014,0.000000,-0.000166,2792.284420,0.459062,11167.145249
55.000000,-62.000000,85.050286,85.065014,-0.014728,1.031325,0.000366,-0.000257,0.000000,-0.000173,3468.869549,0.441819,10937.441928
55.000000,-61.000000,84.550004,84.538643,0.011361,1.041413,0.000315,-0.000531,0.000000,-0.000115,3572.172986,0.326182,12140.910460
55.000000,-60.000000,84.474494,84.440845,0.033649,1.013187,0.000310,-0.000551,0.000000,-0.000128,4278.970005,0.307148,11429.416568
55.000000,-59.000000,84.463658,84.370207,0.093452,0.930727,0.000349,-0.000470,0.000000,-0.000099,5020.105195,0.219908,11479.105738
55.000000,-58.000000,84.385787,84.317558,0.068229,0.737046,0.000223,-0.000297,0.000000,-0.000062,5744.780048,0.135977,12305.573952
55.000000,-57.000000,84.343874,84.379904,-0.036030,0.682381,0.000017,-0.000001,0.000000,-0.000058,2207.662148,0.217725,14155.313556
55.000000,-56.000000,84.383611,84.332802,0.050809,0.645679,0.000000,0.000000,0.000000,-0.000045,2222.887566,0.177523,12716.817487
55.000000,-55.000000,84.340249,84.323644,0.016605,0.620579,0.000013,0.000000,0.000000,-0.000027,2291.798808,0.117066,12762.348522
55.000000,-54.000000,84.240298,84.407752,-0.167454,0.603283,0.000000,-0.000000,0.000000,-0.000014,2166.142975,0.070467,16313.260728
55.000000,-53.000000,84.320303,84.319678,0.000625,0.653333,0.000113,0.000000,0.000000,-0.000014,2361.961158,0.071635,17427.747450
56.000000,-144.000000,84.269441,84.175948,0.093493,1.133507,0.000733,-0.000259,0.000000,-0.000131,4320.144837,0.402238,13206.258010
56.000000,-143.000000,84.234300,84.147868,0.086432,1.190450,0.000610,-0.000575,0.000000,-0.000081,4424.463989,0.305424,16036.759156
56.000000,-142.000000,84.225742,84.239128,-0.013386,1.168185,0.000564,-0.000569,0.000000,-0.000092,4374.966545,0.299776,14215.867135
56.000000,-141.000000,84.143339,84.081471,0.061868,1.203531,0.000508,-0.000513,0.000000,-0.000101,5018.897333,0.294946,13787.596012
56.000000,-140.000000,84.130341,84.055825,0.074516,1.235054,0.000454,-0.000548,0.000000,-0.000100,5049.147181,0.290724,13726.043525
56.000000,-139.000000,84.195899,84.095406,0.100492,1.236717,0.000415,-0.000603,0.000000,-0.000053,5079.517268,0.232002,17988.094664
56.000000,-138.000000,84.303247,84.127990,0.175257,1.358873,0.000410,-0.000654,0.000000,-0.000096,4987.574859,0.283095,13732.125255
56.000000,-137.000000,84.048841,84.128248,-0.079407,1.382330,0.000438,-0.000184,0.000000,-0.000133,2882.672981,0.489736,13751.659321
56.000000,-136.000000,84.073779,84.111381,-0.037602,1.486033,0.000483,-0.000553,0.000000,-0.000085,5775.157678,0.226129,13729.473536
56.000000,-135.000000,80.344085,80.209310,0.134775,1.311133,0.000460,-0.000028,0.000000,-0.000107,3601.559824,0.378375,14072.652239
56.000000,-134.000000,83.992630,84.091942,-0.099312,1.281836,0.000459,-0.000077,0.000000,-0.000100,3514.072293,0.354582,13902.311235
56.000000,-133.000000,84.435829,84.198469,0.237360,1.276217,0.000513,-0.000152,0.000000,-0.000104,3582.294789,0.349835,13623.651052
56.000000,-132.000000,84.425190,84.582197,-0.157006,1.247743,0.000545,-0.000369,0.000000,-0.000081,2125.396088,0.411261,17483.005887
56.000000,-131.000000,85.047110,84.834351,0.212759,1.017452,0.000526,-0.000281,0.000000,-0.000003,9998.234005,0.009258,16643.072608
56.000000,-130.000000,85.383928,85.377064,0.006864,0.903524,0.000606,-0.000364,0.000000,-0.000056,2654.269209,0.199188,13110.243031
56.000000,-129.000000,85.096062,85.116029,-0.019967,1.128472,0.000590,-0.000048,0.000000,-0.000040,3427.151814,0.133777,13082.002626
56.000000,-128.000000,85.655881,85.793803,-0.137922,1.165889,0.000632,-0.000333,0.000000,-0.000040,3314.838246,0.134399,13195.717263
56.000000,-127.000000,86.315661,86.216964,0.098698,0.933216,0.000695,-0.000150,0.000000,-0.000051,3203.510881,0.153996,12466.045517
56.000000,-126.000000,86.375941,86.354314,0.021627,0.786846,0.000726,-0.000065,0.000000,-0.000062,3222.041644,0.181419,11688.987780
56.000000,-125.000000,86.325474,86.210580,0.114895,0.762688,0.000722,-0.000141,0.000000,-0.000037,2720.716210,0.154327,15402.894060
56.000000,-124.000000,85.228268,85.128466,0.099802,0.848898,0.000697,-0.000282,0.000000,-0.000047,2934.845852,0.157812,12669.251288
56.000000,-123.000000,85.764326,85.748321,0.016006,0.855828,0.000639,-0.000001,0.000000,-0.000045,2657.263163,0.152960,12607.656060
56.000000,-122.000000,85.393056,85.323125,0.069931,1.030932,0.000479,-0.000113,0.000000,-0.000035,4077.389936,0.105503,13060.375685
56.000000,-121.000000,85.627739,85.556430,0.071309,1.156416,0.000381,-0.000005,0.000000,-0.000031,3507.981216,0.103267,13652.052335
56.000000,-120.000000,85.439839,85.398721,0.041118,1.218992,0.000151,-0.000330,0.000000,-0.000013,3465.095383,0.067037,17997.945999
56.000000,-119.000000,85.238251,85.324389,-0.086138,1.291529,0.000045,-0.000522,0.000000,-0.000009,4777.367998,0.030515,13123.424632
56.000000,-118.000000,85.293609,85.313541,-0.019933,1.278070,0.000046,-0.000431,0.000000,-0.000007,4770.443674,0.032260,16761.289677
56.000000,-117.000000,85.429703,85.408250,0.021453,1.349738,0.000026,-0.000658,0.000000,-0.000004,5520.201594,0.019107,17978.385300
56.000000,-116.000000,85.487389,85.442878,0.044511,1.109733,0.000000,-0.000422,0.000000,-0.000002,7544.338410,0.007785,17993.935047
56.000000,-115.000000,85.406166,85.463793,-0.057626,1.103933,0.000000,-0.000358,0.000000,-0.000004,8257.428598,0.009105,13072.504945
56.000000,-114.000000,85.378385,85.230608,0.147777,1.179360,0.000000,-0.000360,0.000000,-0.000005,8302.249384,0.014266,17998.073788
56.000000,-113.000000,85.438922,85.343190,0.095732,1.377098,0.000413,-0.000776,0.000000,-0.000135,2094.222710,0.451497,12143.022301
56.000000,-112.000000,85.488718,85.296750,0.191968,1.079177,0.000087,-0.000308,0.000000,-0.000004,8242.994806,0.013918,17999.261752
56.000000,-111.000000,85.306766,85.172731,0.134035,1.240829,0.000578,-0.000365,0.000000,-0.000139,2106.532832,0.469813,12422.326166
56.000000,-110.000000,85.111972,84.966900,0.145072,1.037158,0.000466,-0.000238,0.000000,-0.000014,7640.185253,0.025741,12501.473683
56.000000,-109.000000,84.861177,84.966352,-0.105174,0.987149,0.000615,-0.000054,0.000000,-0.000075,4198.751877,0.210314,12579.841592
56.000000,-108.000000,81.179163,81.155677,0.023486,1.189137,0.000633,-0.000300,0.000000,-0.000099,2796.357288,0.322577,12473.341377
56.000000,-107.000000,84.941921,84.923324,0.018597,1.169890,0.000630,-0.000084,0.000000,-0.000084,2800.148515,0.281747,12553.758732
56.000000,-106.000000,84.907345,84.890841,0.016503,1.160551,0.000685,-0.000134,0.000000,-0.000073,4163.182814,0.195618,11876.539517
56.000000,-105.000000,84.964842,84.909920,0.054922,1.007825,0.000485,-0.000281,0.000000,-0.000010,8923.140890,0.013082,12574.699705
56.000000,-104.000000,84.821632,84.783731,0.037901,1.089794,0.000470,-0.000313,0.000000,-0.000010,9087.934413,0.012496,12585.285335
56.000000,-103.000000,84.604819,84.514189,0.090630,0.934783,0.000355,-0.000213,0.000000,-0.000009,7038.251526,0.021373,13327.225354
56.000000,-102.000000,84.692492,84.563166,0.129326,0.960959,0.000313,-0.000238,0.000000,-0.000007,7040.010816,0.024200,17943.994769
56.000000,-101.000000,84.706024,84.655362,0.050663,0.896376,0.000602,-0.000141,0.000000,-0.000050,4270.634785,0.140924,12586.431301
56.000000,-100.000000,84.436967,84.581904,-0.144937,0.905679,0.000573,-0.000198,0.000000,-0.000063,4931.146074,0.149283,12024.076252
56.000000,-99.000000,84.646362,84.552758,0.093604,1.018853,0.000559,-0.000332,0.000000,-0.000070,4949.882669,0.163585,12092.278150
56.000000,-98.000000,84.701119,84.668434,0.032686,1.123533,0.000528,-0.000612,0.000000,-0.000080,4252.736804,0.205564,12061.344715
56.000000,-97.000000,84.622953,84.655995,-0.033042,1.082849,0.000491,-0.000047,0.000000,-0.000095,2824.592909,0.293952,12145.198978
56.000000,-96.000000,84.757405,84.720691,0.036714,1.058765,0.000539,-0.000012,0.000000,-0.000094,2698.777831,0.289037,12117.768074
56.000000,-95.000000,84.686522,84.615287,0.071235,1.035509,0.000653,0.000000,0.000000,-0.000100,2191.529046,0.317095,11513.398312
56.000000,-94.000000,84.550082,84.534162,0.015919,0.938665,0.000621,-0.000015,0.000000,-0.000080,4278.600766,0.194274,11453.682794
56.000000,-93.000000,84.568915,84.453577,0.115338,0.874972,0.000573,-0.000021,0.000000,-0.000064,5019.364636,0.142595,11480.378288
56.000000,-92.000000,84.615840,84.507206,0.108634,0.850534,0.000422,-0.000061,0.000000,-0.000051,5006.943992,0.120806,12201.003837
56.000000,-91.000000,84.640508,84.615111,0.025397,0.741670,0.000291,0.000000,0.000000,-0.000051,4282.249762,0.136094,12160.355946
56.000000,-90.000000,84.539877,84.600459,-0.060582,0.725546,0.000139,0.000000,0.000000,-0.000050,3571.540796,0.151683,12859.252919
56.000000,-89.000000,84.432711,84.566845,-0.134134,0.726099,0.000109,0.000000,0.000000,-0.000037,4300.173128,0.104636,12924.279810
56.000000,-88.000000,84.257951,84.322845,-0.064894,0.697445,0.000132,-0.000098,0.000000,-0.000025,5767.297738,0.057177,12257.894739
56.000000,-87.000000,84.549148,84.528758,0.020390,0.636872,0.000343,-0.000000,0.000000,-0.000085,2851.463954,0.251594,11686.178319
56.000000,-86.000000,84.684818,84.645230,0.039589,0.610004,0.000460,-0.000173,0.000000,-0.000116,2177.378897,0.374637,11518.384454
56.000000,-85.000000,84.598226,84.462329,0.135897,0.611942,0.000521,0.000000,0.000000,-0.000150,2165.685031,0.463125,11522.854965
56.000000,-84.000000,84.683560,84.662209,0.021351,0.711610,0.000253,0.000000,0.000000,-0.000032,5775.579893,0.063567,11550.315708
56.000000,-83.000000,84.593285,84.733561,-0.140276,0.707629,0.000131,0.000000,0.000000,-0.000041,6143.345997,0.072344,11401.046916
56.000000,-82.000000,84.692737,84.792051,-0.099314,0.748694,0.000342,0.000000,0.000000,-0.000151,2165.943219,0.456727,11529.263404
56.000000,-81.000000,84.589498,84.618112,-0.028614,0.712704,0.000051,0.000000,0.000000,-0.000037,6477.397843,0.056930,10829.883463
56.000000,-80.000000,84.606724,84.756995,-0.150271,0.735021,0.000019,0.000000,0.000000,-0.000036,5052.894743,0.080114,11530.566457
56.000000,-79.000000,84.517059,84.661623,-0.144564,0.725947,0.000077,0.000000,0.000000,-0.000030,5061.093330,0.073929,10821.642557
56.000000,-78.000000,84.653315,84.709242,-0.055928,0.718004,0.000020,0.000000,0.000000,-0.000027,5060.190500,0.070162,10823.765018
56.000000,-77.000000,84.586067,84.612081,-0.026014,0.699813,0.000312,0.000000,0.000000,-0.000157,2165.052632,0.451821,10815.159971
56.000000,-76.000000,84.965972,84.923331,0.042641,0.751724,0.000220,0.000000,0.000000,0.000000,5531.859223,0.044712,9496.956331
56.000000,-75.000000,85.008200,84.988024,0.020176,0.879696,0.000305,0.000000,0.000000,-0.000152,2123.842608,0.431009,10584.956090
56.000000,-74.000000,85.202709,85.050890,0.151818,0.855996,0.000034,-0.000077,0.000000,-0.000021,4954.523258,0.061844,10614.294688
56.000000,-73.000000,85.188701,85.243873,-0.055172,0.894279,0.000051,-0.000071,0.000000,-0.000024,4906.149196,0.069004,9827.734790
56.000000,-72.000000,85.358038,85.321892,0.036146,0.930678,0.000086,-0.000089,0.000000,0.000000,3625.733305,0.038766,9871.564590
56.000000,-71.000000,84.939165,85.001739,-0.062574,0.974513,0.000198,-0.000207,0.000000,0.000000,3765.178528,0.040700,10260.249998
56.000000,-70.000000,85.253287,85.210304,0.042983,0.982816,0.000005,0.000000,0.000000,-0.000051,3486.370030,0.146565,11154.515987
56.000000,-69.000000,85.004740,85.177391,-0.172651,1.194720,0.000077,-0.000248,0.000000,-0.000037,5652.294120,0.077637,12010.574004
56.000000,-68.000000,81.793146,81.891620,-0.098474,1.332525,0.000222,-0.000260,0.000000,-0.000111,2816.567653,0.328070,11954.515016
56.000000,-67.000000,85.187369,85.109542,0.077827,1.214149,0.000132,-0.000278,0.000000,-0.000056,4918.725828,0.129067,11940.368270
56.000000,-66.000000,85.233953,85.082895,0.151058,1.147272,0.000182,-0.000199,0.000000,-0.000057,4902.185786,0.130576,11900.064252
56.000000,-65.000000,85.358030,85.257292,0.100738,1.052161,0.000262,-0.000034,0.000000,-0.000079,4202.610516,0.194634,11896.536718
56.000000,-64.000000,85.429404,85.334504,0.094900,1.077627,0.000290,-0.000153,0.000000,-0.000146,2082.947744,0.446791,11576.457383
56.000000,-63.000000,85.020782,84.990689,0.030093,0.974794,0.000070,-0.000217,0.000000,-0.000034,5635.000690,0.076883,12676.252170
56.000000,-62.000000,84.596262,84.556742,0.039521,1.031332,0.000255,-0.000175,0.000000,-0.000132,2569.824204,0.402732,11593.692683
56.000000,-61.000000,84.479165,84.373223,0.105943,0.889511,0.000290,0.000000,0.000000,-0.000118,2181.108223,0.404177,12144.537323
56.000000,-60.000000,84.496125,84.326504,0.169621,0.775386,0.000239,-0.000243,0.000000,-0.000061,5436.462059,0.137890,12445.440132
56.000000,-59.000000,84.379215,84.440336,-0.061121,0.739120,0.000003,-0.000000,0.000000,-0.000072,2167.451987,0.268655,13652.990668
56.000000,-58.000000,84.364996,84.520400,-0.155405,0.736253,0.000182,-0.000352,0.000000,-0.000042,5980.695866,0.088811,12306.555887
56.000000,-57.000000,84.320909,84.362058,-0.041149,0.657863,0.000000,0.000000,0.000000,-0.000048,2189.058903,0.185462,12532.092318
56.000000,-56.000000,84.369301,84.275453,0.093848,0.729487,0.000009,-0.000388,0.000000,-0.000025,5775.620608,0.065201,13704.510014
56.000000,-55.000000,84.439818,84.381092,0.058725,0.750667,0.000000,-0.000395,0.000000,-0.000036,2880.980852,0.132008,13538.455583
56.000000,-54.000000,84.388224,84.370074,0.018150,0.752142,0.000000,-0.000655,0.000000,-0.000011,2939.074684,0.055579,17191.536503
56.000000,-53.000000,84.340152,84.351672,-0.011520,0.737485,0.000000,-0.000619,0.000000,-0.000020,2236.134235,0.080747,14390.128519
57.000000,-144.000000,84.300129,84.195714,0.104415,1.152384,0.000743,-0.000295,0.000000,-0.000125,4275.966054,0.391575,13373.461000
57.000000,-143.000000,84.294841,84.204893,0.089948,1.196321,0.000664,-0.000604,0.000000,-0.000135,3600.493818,0.451275,13827.472070
57.000000,-142.000000,84.245315,84.078406,0.166909,1.169103,0.000592,-0.000492,0.000000,-0.000071,4392.347244,0.293816,17004.621111
57.000000,-141.000000,84.210952,84.212757,-0.001805,1.210346,0.000509,-0.000504,0.000000,-0.000080,4790.120252,0.290559,15813.895868
57.000000,-140.000000,84.162764,84.080559,0.082205,1.239116,0.000460,-0.000594,0.000000,-0.000090,4335.142778,0.284953,13784.521687
57.000000,-139.000000,84.171446,84.252613,-0.081168,1.326083,0.000438,-0.000586,0.000000,-0.000098,5051.803009,0.284724,13765.819626
57.000000,-138.000000,84.064354,84.231835,-0.167481,1.475487,0.000467,-0.000740,0.000000,-0.000053,5093.972428,0.229875,17986.386984
57.000000,-137.000000,84.225297,84.185003,0.040294,1.451523,0.000476,-0.000000,0.000000,-0.000132,2887.578110,0.494271,14024.713032
57.000000,-136.000000,84.118714,84.100490,0.018224,1.342577,0.000509,0.000000,0.000000,-0.000111,3609.302833,0.406117,14495.729356
57.000000,-135.000000,85.226441,85.285582,-0.059142,1.132597,0.000502,0.000000,0.000000,-0.000106,2065.349551,0.430831,14155.315645
57.000000,-134.000000,84.237008,84.220680,0.016328,1.347476,0.000512,0.000000,0.000000,-0.000108,2194.503953,0.460138,14946.988139
57.000000,-133.000000,84.374912,84.467734,-0.092822,1.178127,0.000532,-0.000163,0.000000,-0.000124,2785.616034,0.444497,13535.711979
57.000000,-132.000000,85.920118,85.863433,0.056685,0.832466,0.000609,-0.000164,0.000000,-0.000022,5916.494310,0.086549,17999.264408
57.000000,-131.000000,86.344287,86.352334,-0.008047,0.835050,0.000551,-0.000234,0.000000,-0.000004,8417.265090,0.013930,17997.577095
57.000000,-130.000000,86.362161,86.301989,0.060172,0.985895,0.000602,-0.000411,0.000000,-0.000054,2815.516631,0.235005,16056.752013
57.000000,-129.000000,86.311668,86.437269,-0.125602,0.959764,0.000591,0.000000,0.000000,-0.000039,2042.099223,0.207387,17974.842544
57.000000,-128.000000,86.218245,86.327546,-0.109301,0.800205,0.000616,-0.000000,0.000000,-0.000046,3100.499262,0.148883,12671.210084
57.000000,-127.000000,86.390774,86.448357,-0.057583,0.762031,0.000730,0.000000,0.000000,-0.000056,2624.077986,0.182227,12104.932866
57.000000,-126.000000,86.493965,86.401960,0.092005,0.772585,0.000730,-0.000079,0.000000,-0.000076,2542.132107,0.237489,11689.183165
57.000000,-125.000000,85.751682,85.812205,-0.060524,0.738573,0.000850,-0.000138,0.000000,-0.000081,2616.896995,0.252046,11990.284155
57.000000,-124.000000,86.542603,86.710513,-0.167909,0.810170,0.000809,0.000000,0.000000,-0.000076,2065.928816,0.247233,11985.204871
57.000000,-123.000000,86.189779,86.302699,-0.112920,0.958939,0.000801,0.000000,0.000000,-0.000068,2616.433135,0.209062,11922.251307
57.000000,-122.000000,85.874407,85.854785,0.019622,1.309947,0.000697,-0.000157,0.000000,-0.000060,4027.432745,0.162021,12131.356531
57.000000,-121.000000,85.555139,85.422009,0.133130,1.390977,0.000607,-0.000043,0.000000,-0.000060,4087.929605,0.165343,12349.061243
57.000000,-120.000000,85.393477,85.582609,-0.189132,1.268799,0.000422,0.000000,0.000000,-0.000041,4063.482572,0.118083,12347.212422
57.000000,-119.000000,85.437026,85.561953,-0.124927,1.135318,0.000176,-0.000066,0.000000,-0.000020,4011.914271,0.061863,13174.618011
57.000000,-118.000000,76.711227,76.771827,-0.060599,1.191709,0.000066,0.000000,0.000000,-0.000007,3440.162186,0.040449,17937.718030
57.000000,-117.000000,85.434698,85.303895,0.130803,1.390546,0.000007,-0.000000,0.000000,-0.000008,3822.475869,0.034195,14775.139543
57.000000,-116.000000,85.558778,85.698991,-0.140213,1.270917,0.000000,-0.000003,0.000000,-0.000008,2735.578501,0.042384,17401.984466
57.000000,-115.000000,85.333439,85.274998,0.058441,1.224024,0.000071,-0.000147,0.000000,-0.000015,3365.601151,0.072267,17849.434611
57.000000,-114.000000,85.326385,85.143298,0.183087,1.157039,0.000205,-0.000229,0.000000,-0.000049,3382.125003,0.154939,13071.644726
57.000000,-113.000000,85.298685,85.057335,0.241350,1.222424,0.000305,-0.000166,0.000000,-0.000079,3078.981803,0.251108,12404.246679
57.000000,-112.000000,85.113726,85.108972,0.004754,1.359926,0.000339,-0.000367,0.000000,-0.000078,3580.864126,0.235931,12495.083073
57.000000,-111.000000,85.171116,85.075785,0.095331,1.218231,0.000385,-0.000252,0.000000,-0.000056,4875.000285,0.143566,12513.141088
57.000000,-110.000000,85.229164,85.109327,0.119837,1.180766,0.000051,-0.000340,0.000000,-0.000004,8315.707560,0.012338,17997.205180
57.000000,-109.000000,85.008291,84.815474,0.192817,1.104831,0.000243,-0.000224,0.000000,-0.000021,6976.390426,0.042113,13252.778072
57.000000,-108.000000,84.984229,84.801439,0.182790,1.126153,0.000288,-0.000274,0.000000,-0.000015,7668.767653,0.026883,13245.955386
57.000000,-107.000000,84.962190,85.065361,-0.103171,1.140770,0.000618,-0.000131,0.000000,-0.000144,2086.164160,0.487790,12390.202974
57.000000,-106.000000,85.217784,85.056621,0.161163,1.092006,0.000643,-0.000189,0.000000,-0.000141,2078.722532,0.473067,12311.113737
57.000000,-105.000000,85.002590,84.970479,0.032112,1.068641,0.000649,-0.000227,0.000000,-0.000145,2099.311037,0.486933,12366.688193
57.000000,-104.000000,84.784779,84.682086,0.102693,0.960270,0.000304,-0.000192,0.000000,-0.000013,7690.558590,0.024493,13279.452061
57.000000,-103.000000,84.675464,84.700982,-0.025518,1.079611,0.000734,0.000000,0.000000,-0.000138,2814.738301,0.433612,11956.175126
57.000000,-102.000000,84.579214,84.921748,-0.342534,0.937313,0.000602,0.000000,0.000000,-0.000138,2111.369171,0.472103,12627.601860
57.000000,-101.000000,81.080910,80.967393,0.113517,0.919718,0.000461,0.000000,0.000000,-0.000063,4230.175029,0.178548,12661.238342
57.000000,-100.000000,84.583609,84.407280,0.176329,0.830165,0.000490,-0.000028,0.000000,-0.000073,4939.251099,0.172796,12045.025501
57.000000,-99.000000,84.757367,84.714625,0.042741,0.959261,0.000472,-0.000244,0.000000,-0.000063,4278.685580,0.168517,12310.801233
57.000000,-98.000000,84.767720,84.811863,-0.044143,1.055182,0.000485,-0.000274,0.000000,-0.000098,2142.994731,0.323697,12097.002135
57.000000,-97.000000,84.831126,84.715271,0.115855,1.109122,0.000494,-0.000142,0.000000,-0.000092,2429.167425,0.307942,12593.878487
57.000000,-96.000000,84.708926,84.718957,-0.010031,1.088736,0.000491,-0.000132,0.000000,-0.000093,2835.915308,0.298707,12554.034324
57.000000,-95.000000,84.828725,84.752400,0.076325,1.050934,0.000652,-0.000026,0.000000,-0.000101,2846.773689,0.312742,11850.436423
57.000000,-94.000000,80.198838,80.219377,-0.020538,1.022387,0.000596,-0.000008,0.000000,-0.000087,3576.810306,0.236716,11482.686138
57.000000,-93.000000,84.399270,84.550201,-0.150931,0.999140,0.000450,0.000000,0.000000,-0.000065,2894.370713,0.210191,12730.016691
57.000000,-92.000000,84.453814,84.409665,0.044149,0.915546,0.000456,0.000000,0.000000,-0.000069,3588.799183,0.197260,12280.476345
57.000000,-91.000000,84.486290,84.530831,-0.044541,0.872915,0.000434,0.000000,0.000000,-0.000066,2163.022614,0.235549,12917.052949
57.000000,-90.000000,84.508409,84.533303,-0.024894,0.786312,0.000313,0.000000,0.000000,-0.000049,2887.368635,0.171497,12969.724854
57.000000,-89.000000,84.603971,84.684167,-0.080196,0.688695,0.000146,0.000000,0.000000,-0.000033,5053.041468,0.087144,13058.073616
57.000000,-88.000000,84.504126,84.581805,-0.077679,0.624524,0.000238,0.000000,0.000000,-0.000029,4337.136480,0.084617,12969.958410
57.000000,-87.000000,84.623404,84.649259,-0.025855,0.630470,0.000398,0.000000,0.000000,-0.000096,2887.577940,0.280278,11560.854229
57.000000,-86.000000,84.595842,84.523453,0.072389,0.616207,0.000455,-0.000311,0.000000,-0.000128,2883.375990,0.360170,11612.021337
57.000000,-85.000000,84.515614,84.592511,-0.076897,0.593357,0.000749,-0.000383,0.000000,-0.000166,2165.687718,0.482767,10761.157131
57.000000,-84.000000,84.515321,84.648406,-0.133085,0.637196,0.000623,0.000000,0.000000,-0.000167,2165.684211,0.500000,10825.184547
57.000000,-83.000000,84.658756,84.653700,0.005056,0.699566,0.000066,0.000000,0.000000,-0.000038,5790.414507,0.076947,12123.918550
57.000000,-82.000000,84.620512,84.777414,-0.156903,0.745076,0.000049,0.000000,0.000000,-0.000053,5635.490099,0.111724,12132.205739
57.000000,-81.000000,84.673552,84.707565,-0.034014,0.754099,0.000028,0.000000,0.000000,-0.000047,5070.991555,0.109164,12260.183444
57.000000,-80.000000,84.658827,84.869680,-0.210853,0.772457,0.000463,0.000000,0.000000,-0.000137,2165.684606,0.426481,11525.821010
57.000000,-79.000000,84.625059,84.635239,-0.010180,0.744259,0.000807,-0.000000,0.000000,-0.000148,2166.220070,0.433442,10818.003703
57.000000,-78.000000,84.630744,84.788741,-0.157997,0.681494,0.000073,-0.000000,0.000000,-0.000029,6495.552872,0.044757,10831.125487
57.000000,-77.000000,84.600495,84.665780,-0.065284,0.686101,0.000417,-0.000000,0.000000,-0.000154,2166.462766,0.449359,10821.486326
57.000000,-76.000000,84.950484,85.003592,-0.053108,0.707061,0.000080,0.000000,0.000000,-0.000028,4979.371457,0.071129,10668.927703
57.000000,-75.000000,84.889343,84.925237,-0.035894,0.729975,0.000023,-0.000002,0.000000,-0.000029,5669.041583,0.063837,9927.209631
57.000000,-74.000000,85.054945,85.252830,-0.197886,0.820758,0.000000,-0.000096,0.000000,-0.000016,5647.578919,0.049163,9889.586992
57.000000,-73.000000,85.042376,85.132799,-0.090422,0.879000,0.000080,-0.000107,0.000000,0.000000,4456.745710,0.036277,10016.056573
57.000000,-72.000000,85.170803,85.077603,0.093200,0.883685,0.000000,0.000000,0.000000,0.000000,4081.693052,0.027787,10685.659564
57.000000,-71.000000,85.058415,85.063720,-0.005305,0.912610,0.000073,0.000000,0.000000,-0.000000,3666.855588,0.031235,11008.730348
57.000000,-70.000000,85.149567,85.138677,0.010890,0.973440,0.000091,0.000000,0.000000,-0.000040,4932.489902,0.094021,12693.038298
57.000000,-69.000000,84.906150,84.905128,0.001022,1.096404,0.000100,-0.000217,0.000000,-0.000035,5681.684478,0.073557,12072.554833
57.000000,-68.000000,84.714512,84.794475,-0.079962,1.100417,0.000178,-0.000136,0.000000,-0.000077,4957.786591,0.162325,11358.142006
57.000000,-67.000000,84.992420,84.747775,0.244645,1.102098,0.000198,-0.000222,0.000000,-0.000051,4967.502246,0.119087,12007.777545
57.000000,-66.000000,85.070324,84.965933,0.104391,1.041998,0.000240,-0.000143,0.000000,-0.000050,4953.993878,0.116600,11933.784301
57.000000,-65.000000,85.212187,85.217529,-0.005342,1.062227,0.000398,-0.000397,0.000000,-0.000128,2103.253182,0.398659,11619.224925
57.000000,-64.000000,85.548394,85.573349,-0.024956,0.947306,0.000289,-0.000294,0.000000,-0.000046,4834.970035,0.108958,11728.858393
57.000000,-63.000000,85.023304,85.043890,-0.020586,0.723411,0.000456,-0.000005,0.000000,-0.000124,2098.888153,0.377188,11229.727785
57.000000,-62.000000,84.314668,84.449553,-0.134884,0.696728,0.000485,0.000000,0.000000,-0.000141,2845.890689,0.413419,11519.139557
57.000000,-61.000000,84.370988,84.451908,-0.080920,0.589988,0.000337,-0.000078,0.000000,-0.000086,4320.951421,0.225200,12276.048786
57.000000,-60.000000,84.369641,84.475541,-0.105900,0.648148,0.000258,-0.000343,0.000000,-0.000058,5775.157523,0.125483,12272.477731
57.000000,-59.000000,84.417037,84.433325,-0.016288,0.620972,0.000220,-0.000383,0.000000,-0.000037,5783.120873,0.089014,12987.912506
57.000000,-58.000000,84.350001,84.277694,0.072308,0.593865,0.000265,-0.000022,0.000000,-0.000035,2013.533066,0.171111,11928.503930
57.000000,-57.000000,84.414707,84.358176,0.056531,0.669625,0.000017,-0.000409,0.000000,-0.000029,5076.714226,0.075758,13029.462865
57.000000,-56.000000,84.338747,84.294845,0.043902,0.690178,0.000025,-0.000439,0.000000,-0.000028,5057.667403,0.080278,13702.648656
57.000000,-55.000000,84.329138,84.413521,-0.084382,0.748433,0.000000,-0.000601,0.000000,-0.000036,2863.507159,0.128630,13922.923868
57.000000,-54.000000,84.486656,84.385753,0.100904,0.712599,0.000000,-0.000498,0.000000,-0.000010,3613.866383,0.049010,17975.550582
57.000000,-53.000000,84.469389,84.307523,0.161866,0.656950,0.000000,-0.000299,0.000000,-0.000006,6057.728938,0.024224,17340.038390
58.000000,-144.000000,84.328775,84.184271,0.144504,1.200617,0.000692,-0.000424,0.000000,-0.000139,3398.331785,0.465631,13202.906470
58.000000,-143.000000,84.345289,84.155267,0.190022,1.214075,0.000676,-0.000481,0.000000,-0.000114,3544.752845,0.439684,15418.635160
58.000000,-142.000000,84.218694,84.260204,-0.041510,1.220428,0.000650,-0.000481,0.000000,-0.000068,4414.163825,0.287421,17354.478225
58.000000,-141.000000,84.199322,84.248728,-0.049405,1.286405,0.000562,-0.000530,0.000000,-0.000097,4258.268409,0.347301,15096.168432
58.000000,-140.000000,84.214007,84.209554,0.004453,1.361632,0.000530,-0.000542,0.000000,-0.000083,5032.435712,0.280421,15254.721479
58.000000,-139.000000,84.259456,84.437939,-0.178483,1.482493,0.000530,-0.000660,0.000000,-0.000065,5085.802698,0.225621,15522.642872
58.000000,-138.000000,84.113891,84.271657,-0.157767,1.485619,0.000503,0.000000,0.000000,-0.000098,2186.490713,0.496285,17340.280045
58.000000,-137.000000,84.171810,84.071461,0.100349,1.500740,0.000514,-0.000000,0.000000,-0.000095,2177.379426,0.497889,17921.299301
58.000000,-136.000000,84.977046,84.950527,0.026519,1.377234,0.000565,-0.000610,0.000000,-0.000059,5077.081299,0.202883,15437.097580
58.000000,-135.000000,84.244538,84.242398,0.002140,1.426535,0.000551,-0.000537,0.000000,-0.000093,5030.610508,0.265727,13666.068262
58.000000,-134.000000,84.600655,84.703428,-0.102774,1.371316,0.000578,-0.000533,0.000000,-0.000093,4960.663545,0.265897,13582.832193
58.000000,-133.000000,86.013833,86.017184,-0.003351,0.904925,0.000609,-0.000319,0.000000,-0.000105,3277.682009,0.322178,12571.069325
58.000000,-132.000000,86.558574,86.670613,-0.112038,0.899811,0.000638,-0.000292,0.000000,-0.000063,2583.240570,0.313654,17957.190562
58.000000,-131.000000,85.236024,85.161547,0.074477,1.009505,0.000578,-0.000217,0.000000,-0.000022,6153.835788,0.086815,17999.624763
58.000000,-130.000000,85.644404,85.689487,-0.045083,0.936556,0.000525,-0.000254,0.000000,-0.000009,7321.509299,0.033378,17993.074725
58.000000,-129.000000,86.012395,85.995509,0.016886,0.937939,0.000501,-0.000269,0.000000,-0.000005,8237.147731,0.016650,17878.778942
58.000000,-128.000000,86.345717,86.216565,0.129152,0.880700,0.000514,-0.000274,0.000000,-0.000004,7800.518302,0.014920,17976.524068
58.000000,-127.000000,86.906949,86.909335,-0.002386,0.826076,0.000684,-0.000133,0.000000,-0.000050,4156.529991,0.129797,11610.495737
58.000000,-126.000000,86.505406,86.381678,0.123729,0.744948,0.000485,-0.000229,0.000000,-0.000002,8337.437684,0.008592,17978.572200
58.000000,-125.000000,87.255739,87.305288,-0.049549,0.674385,0.000808,-0.000248,0.000000,-0.000082,2458.172424,0.238989,11260.361704
58.000000,-124.000000,86.392087,86.335494,0.056593,0.797254,0.000976,0.000000,0.000000,-0.000102,2003.548807,0.333235,11652.507221
58.000000,-123.000000,85.345312,85.339029,0.006282,0.906593,0.001014,-0.000069,0.000000,-0.000120,2045.842121,0.411155,12239.396280
58.000000,-122.000000,85.207576,85.237330,-0.029755,1.031283,0.000957,-0.000459,0.000000,-0.000124,2078.572514,0.419928,12153.238505
58.000000,-121.000000,85.180351,84.921141,0.259210,1.256477,0.000804,-0.000907,0.000000,-0.000115,2101.179325,0.406576,12480.336628
58.000000,-120.000000,85.538402,85.501848,0.036555,1.388904,0.000679,-0.001103,0.000000,-0.000098,2063.872398,0.344752,12324.697374
58.000000,-119.000000,85.464092,85.502280,-0.038188,1.234044,0.000390,-0.000529,0.000000,-0.000040,4803.442115,0.103028,12362.795019
58.000000,-118.000000,85.092774,85.010352,0.082421,1.257956,0.000067,-0.000394,0.000000,-0.000016,3692.419975,0.067753,15966.208144
58.000000,-117.000000,84.948031,84.893654,0.054377,1.262397,0.000048,-0.000371,0.000000,-0.000010,3669.728451,0.040948,14905.555438
58.000000,-116.000000,85.261837,84.934829,0.327007,1.151852,0.000027,-0.000152,0.000000,-0.000008,2877.193923,0.044207,17681.062963
58.000000,-115.000000,84.760071,84.707163,0.052908,1.099606,0.000030,-0.000192,0.000000,-0.000005,3883.116588,0.026452,13099.927467
58.000000,-114.000000,84.961965,84.745513,0.216452,1.123945,0.000027,-0.000179,0.000000,-0.000011,4910.820907,0.037430,12710.220398
58.000000,-113.000000,85.230508,85.177346,0.053162,1.026808,0.000099,-0.000095,0.000000,-0.000030,4806.591704,0.076730,12392.314197
58.000000,-112.000000,84.990222,84.903827,0.086396,1.102954,0.000128,0.000000,0.000000,-0.000044,4222.438950,0.128857,13242.108975
58.000000,-111.000000,84.775565,84.676660,0.098905,1.187984,0.000301,-0.000104,0.000000,-0.000056,4967.933552,0.139884,12251.311566
58.000000,-110.000000,84.811287,84.740940,0.070347,1.159583,0.000321,-0.000180,0.000000,-0.000043,5615.462694,0.102123,12626.737662
58.000000,-109.000000,85.014000,84.960157,0.053843,1.214347,0.000001,-0.000354,0.000000,-0.000004,8344.965527,0.013009,17997.128093
58.000000,-108.000000,85.050847,85.020035,0.030812,1.254793,0.000028,-0.000368,0.000000,-0.000004,8339.577969,0.013054,17997.802113
58.000000,-107.000000,84.926804,84.887279,0.039525,1.220211,0.000162,-0.000311,0.000000,-0.000013,7679.910859,0.023867,13263.895675
58.000000,-106.000000,84.898883,84.974942,-0.076059,1.328635,0.000102,-0.000394,0.000000,-0.000004,8385.714807,0.013148,17996.862483
58.000000,-105.000000,84.894395,84.951744,-0.057349,1.274506,0.000151,-0.000367,0.000000,-0.000008,8359.616170,0.013220,13235.980832
58.000000,-104.000000,84.893723,84.963891,-0.070168,1.326447,0.000190,-0.000363,0.000000,-0.000012,7688.663282,0.022536,13279.519915
58.000000,-103.000000,81.757587,81.607090,0.150497,1.262021,0.000245,-0.000340,0.000000,-0.000012,7689.324906,0.021561,13280.802648
58.000000,-102.000000,84.883778,84.946492,-0.062713,0.863684,0.000464,-0.000016,0.000000,-0.000026,6341.150544,0.056542,12677.684196
58.000000,-101.000000,84.812232,84.867627,-0.055395,1.036239,0.000714,0.000000,0.000000,-0.000095,3531.188042,0.272246,11870.808219
58.000000,-100.000000,84.608326,84.647760,-0.039435,0.892486,0.000475,0.000000,0.000000,-0.000086,4220.904378,0.221981,12088.759797
58.000000,-99.000000,84.868580,84.800036,0.068545,0.955202,0.000428,-0.000113,0.000000,-0.000077,2825.737297,0.254489,12705.145492
58.000000,-98.000000,84.960407,84.834311,0.126097,1.026142,0.000422,-0.000351,0.000000,-0.000060,3529.934525,0.182587,12571.610095
58.000000,-97.000000,84.788236,84.805005,-0.016769,1.078651,0.000432,-0.000434,0.000000,-0.000056,3537.899327,0.172747,12724.821302
58.000000,-96.000000,84.785929,84.798890,-0.012961,1.100207,0.000501,0.000000,0.000000,-0.000097,2002.353842,0.334531,12398.635155
58.000000,-95.000000,84.573332,84.583445,-0.010113,1.073998,0.000468,-0.000096,0.000000,-0.000080,2831.615323,0.248931,12196.519356
58.000000,-94.000000,84.558710,84.593616,-0.034905,1.053461,0.000404,-0.000015,0.000000,-0.000073,2871.174312,0.229157,12289.931232
58.000000,-93.000000,84.434596,84.539183,-0.104587,1.030981,0.000440,0.000000,0.000000,-0.000066,2175.052193,0.230113,12631.756385
58.000000,-92.000000,84.525603,84.585354,-0.059752,0.816587,0.000510,0.000000,0.000000,-0.000073,2214.400553,0.242783,12277.060788
58.000000,-91.000000,84.577251,84.629524,-0.052273,0.720993,0.000550,0.000000,0.000000,-0.000069,3609.451464,0.197290,12318.798213
58.000000,-90.000000,84.549975,84.727773,-0.177798,0.718064,0.000469,0.000000,0.000000,-0.000056,2898.410872,0.186617,12647.124975
58.000000,-89.000000,84.493412,84.593343,-0.099931,0.687530,0.000246,0.000000,0.000000,-0.000038,3609.832435,0.125561,13703.500736
58.000000,-88.000000,84.597505,84.579961,0.017545,0.635071,0.000328,-0.000051,0.000000,-0.000031,4353.020754,0.089773,12858.737960
58.000000,-87.000000,84.640223,84.646252,-0.006029,0.646244,0.000524,0.000000,0.000000,-0.000089,2847.477561,0.268804,11699.399919
58.000000,-86.000000,84.596097,84.538999,0.057098,0.626277,0.000481,-0.000330,0.000000,-0.000096,3303.627323,0.268367,11817.582014
58.000000,-85.000000,84.550416,84.549995,0.000421,0.600070,0.000505,-0.000552,0.000000,-0.000150,2887.578496,0.393986,10834.773378
58.000000,-84.000000,84.564661,84.667218,-0.102558,0.589986,0.000603,-0.000270,0.000000,-0.000190,2887.578946,0.468481,10119.202611
58.000000,-83.000000,84.573107,84.530310,0.042797,0.605116,0.000529,0.000000,0.000000,-0.000148,2178.037521,0.461380,11537.125292
58.000000,-82.000000,84.659155,84.576349,0.082806,0.658302,0.000533,0.000000,0.000000,-0.000143,2165.684211,0.451574,11516.507589
58.000000,-81.000000,84.594806,84.698293,-0.103486,0.741365,0.000072,0.000000,0.000000,-0.000055,5770.917895,0.104745,11554.991040
58.000000,-80.000000,84.630357,84.808940,-0.178583,0.795158,0.000060,0.000000,0.000000,-0.000060,5009.406649,0.133289,12287.233947
58.000000,-79.000000,84.583564,84.839272,-0.255708,0.766496,0.000000,0.000000,0.000000,-0.000010,5703.979586,0.036426,10994.658249
58.000000,-78.000000,84.696128,84.777975,-0.081847,0.742356,0.000062,0.000000,0.000000,-0.000019,5053.370678,0.042691,12212.626239
58.000000,-77.000000,84.775101,84.951314,-0.176213,0.723993,0.000663,-0.000000,0.000000,-0.000177,2153.304082,0.464239,9992.204909
58.000000,-76.000000,85.027369,85.019149,0.008220,0.731804,0.000142,0.000000,0.000000,-0.000020,5709.472306,0.054129,10000.907461
58.000000,-75.000000,80.003003,80.133610,-0.130606,0.733630,0.000180,-0.000004,0.000000,0.000000,5689.271599,0.031332,10096.711782
58.000000,-74.000000,85.115724,85.021089,0.094635,0.813180,0.000000,0.000000,0.000000,-0.000007,4289.485476,0.039145,11305.568651
58.000000,-73.000000,84.938521,84.950710,-0.012188,0.879001,0.000000,-0.000102,0.000000,0.000000,4566.577607,0.023683,10795.365197
58.000000,-72.000000,85.042636,85.128945,-0.086309,0.863103,0.000000,-0.000003,0.000000,0.000000,3964.436176,0.019581,11576.407704
58.000000,-71.000000,85.264749,85.282052,-0.017303,0.958765,0.000000,-0.000111,0.000000,-0.000007,4684.967889,0.030612,11403.715909
58.000000,-70.000000,84.976512,84.889281,0.087230,1.041418,0.000113,0.000000,0.000000,-0.000037,4276.105274,0.099727,12059.867346
58.000000,-69.000000,84.701655,84.668295,0.033360,0.918433,0.000125,-0.000100,0.000000,-0.000034,5720.937112,0.071664,12155.293501
58.000000,-68.000000,84.362889,84.566820,-0.203930,0.935132,0.000259,0.000000,0.000000,-0.000063,4298.035811,0.161441,12176.668842
58.000000,-67.000000,84.443422,84.346493,0.096929,0.797317,0.000117,-0.000013,0.000000,-0.000048,5719.574155,0.096247,11439.162537
58.000000,-66.000000,84.963423,84.835975,0.127447,0.853908,0.000037,0.000000,0.000000,-0.000042,4737.027915,0.104984,11381.882082
58.000000,-65.000000,85.497608,85.438966,0.058642,0.816179,0.000001,-0.000000,0.000000,-0.000045,4858.394133,0.105410,11852.947459
58.000000,-64.000000,85.734234,85.606676,0.127558,0.795202,0.000114,0.000000,0.000000,-0.000050,4817.070037,0.113743,11716.624046
58.000000,-63.000000,84.694791,84.670080,0.024711,0.698093,0.000560,-0.000002,0.000000,-0.000103,2121.784863,0.345152,11961.680990
58.000000,-62.000000,84.531294,84.418755,0.112540,0.587300,0.000766,-0.000016,0.000000,-0.000123,2316.539742,0.398638,11798.219025
58.000000,-61.000000,84.412128,84.370119,0.042009,0.551225,0.000380,-0.000197,0.000000,-0.000123,2028.050446,0.437433,12851.616359
58.000000,-60.000000,84.338910,84.396631,-0.057721,0.582890,0.000251,-0.000366,0.000000,-0.000047,5054.272840,0.117498,12552.652213
58.000000,-59.000000,84.305904,84.336509,-0.030605,0.586223,0.000170,-0.000354,0.000000,-0.000033,5787.631905,0.079389,12915.703982
58.000000,-58.000000,84.428000,84.259244,0.168756,0.593373,0.000170,-0.000308,0.000000,-0.000028,5824.905611,0.066730,12786.379003
58.000000,-57.000000,84.417978,84.324318,0.093660,0.719431,0.000041,-0.000612,0.000000,-0.000040,3652.482411,0.129665,13630.151227
58.000000,-56.000000,84.314611,84.368768,-0.054157,0.718105,0.000023,-0.000660,0.000000,-0.000048,3214.063143,0.160528,13432.252012
58.000000,-55.000000,84.412796,84.366283,0.046514,0.722431,0.000038,-0.000889,0.000000,-0.000038,2180.704188,0.148731,13668.234535
58.000000,-54.000000,84.375224,84.323593,0.051631,0.714422,0.000000,-0.000790,0.000000,-0.000021,2165.898306,0.103850,17465.174266
58.000000,-53.000000,84.335657,84.337288,-0.001630,0.713866,0.000153,-0.000638,0.000000,-0.000028,2215.879092,0.103995,13439.470501
