Latitude,Longtitude,Pressure [hPa],Height [m],Temperature [C],Relative Humidity [%],Wind Direction [deg],Wind Speed [knot]
51.93,-10.25,1198,850.0,0.2,77,235,45
51.93,-10.25,2656,706.0,-9.7,38,235,52
51.93,-10.25,4361,563.0,-22.0,22,235,51
51.93,-10.25,5843,458.0,-34.7,71,225,45
51.93,-10.25,7305,370.0,-44.8,72,250,29
51.93,-10.25,8680,300.0,-51.9,3,240,43
51.93,-10.25,10649,221.0,-52.3,1,240,54
51.93,-10.25,13160,150.0,-51.1,1,240,58
51.93,-10.25,14505,122.0,-50.8,1,245,66
51.93,-10.25,17338,78.6,-54.3,1,255,54
51.93,-10.25,19874,53.0,-52.2,1,265,66
51.93,-10.25,21840,39.0,-55.5,1,265,70
51.93,-10.25,24116,27.3,-53.3,1,268,82
51.93,-10.25,26120,20.0,-51.1,1,270,97
51.93,-10.25,29799,11.4,-36.3,1,280,157
68.7,-52.85,1156,873.0,-23.5,83,235,15
68.7,-52.85,1989,779.0,-22.5,18,247,14
68.7,-52.85,3253,655.0,-27.5,57,275,20
68.7,-52.85,7303,361.0,-54.5,32,271,26
68.7,-52.85,9561,252.0,-63.9,38,260,31
68.7,-52.85,11360,188.0,-63.3,16,255,21
68.7,-52.85,13737,127.0,-69.7,30,258,23
68.7,-52.85,16096,91.0,-65.6,12,210,4
68.7,-52.85,21341,47.0,-46.8,1,165,10
68.7,-52.85,24320,30.0,-44.7,1,95,14
68.7,-52.85,27040,20.0,-41.5,1,105,19
68.7,-52.85,31094,11.1,-36.9,1,103,17
61.15,-45.43,13,1007.0,-6.3,35,33,4
61.15,-45.43,1420,841.0,-9.7,52,298,9
61.15,-45.43,2820,700.0,-17.3,8,295,27
61.15,-45.43,8650,300.0,-57.7,8,315,44
61.15,-45.43,9790,250.0,-61.3,29,305,61
61.15,-45.43,11815,180.0,-64.0,20,290,50
61.15,-45.43,15420,100.0,-65.1,18,275,45
61.15,-45.43,18908,56.0,-69.2,26,280,80
61.15,-45.43,21737,34.8,-74.7,33,267,113
61.15,-45.43,24501,21.9,-65.7,20,263,129
66.86,-162.63,569,931.0,-5.9,96,115,22
66.86,-162.63,1137,866.0,-5.3,100,135,13
66.86,-162.63,2422,734.0,-11.3,93,184,17
66.86,-162.63,3217,661.0,-17.3,77,166,15
66.86,-162.63,4877,527.3,-27.4,77,170,21
66.86,-162.63,6800,400.0,-44.1,51,170,22
66.86,-162.63,8690,300.0,-53.7,32,130,11
66.86,-162.63,9850,250.0,-56.3,18,195,19
66.86,-162.63,11260,200.0,-56.5,13,230,12
66.86,-162.63,13252,146.0,-56.1,8,242,24
66.86,-162.63,17559,74.2,-55.7,3,274,54
66.86,-162.63,20726,45.5,-46.3,2,285,76
66.86,-162.63,23470,30.2,-43.4,1,285,90
66.86,-162.63,26494,19.2,-43.1,1,300,106
66.86,-162.63,30940,10.0,-36.7,1,305,118
64.5,-165.43,305,959.3,-2.2,89,100,14
64.5,-165.43,1333,842.0,-5.7,93,72,12
64.5,-165.43,3297,652.0,-17.5,93,109,12
64.5,-165.43,4267,571.8,-24.1,62,140,18
64.5,-165.43,5486,482.1,-34.2,32,140,34
64.5,-165.43,7457,360.0,-49.9,23,131,22
64.5,-165.43,8693,298.0,-51.3,1,131,20
64.5,-165.43,9924,246.0,-54.7,1,135,16
64.5,-165.43,11260,200.0,-53.1,1,180,13
64.5,-165.43,12497,165.0,-53.8,1,240,14
64.5,-165.43,14492,121.0,-54.3,1,251,31
64.5,-165.43,18288,67.5,-49.7,1,275,63
64.5,-165.43,21336,42.6,-44.9,1,285,69
64.5,-165.43,23470,31.0,-44.4,1,285,78
64.5,-165.43,26026,21.2,-43.3,1,295,79
64.5,-165.43,28211,15.4,-36.9,1,305,93
60.78,-161.84,33,990.0,-1.9,97,70,3
60.78,-161.84,1219,853.2,-5.3,81,150,26
60.78,-161.84,2134,758.4,-10.4,58,160,22
60.78,-161.84,3471,636.0,-18.3,37,165,24
60.78,-161.84,4481,555.0,-21.5,20,202,29
60.78,-161.84,5680,470.0,-31.1,66,205,37
60.78,-161.84,8534,307.9,-54.7,58,230,51
60.78,-161.84,9635,259.0,-56.3,10,208,39
62.96,-155.61,103,990.0,-8.9,84,110,3
62.96,-155.61,610,928.0,0.0,74,145,8
62.96,-155.61,1524,827.2,-4.4,69,190,38
62.96,-155.61,2836,698.0,-15.3,83,166,29
62.96,-155.61,4096,589.0,-23.7,71,195,23
62.96,-155.61,5484,485.0,-34.9,54,205,25
62.96,-155.61,7262,374.0,-44.9,8,244,46
62.96,-155.61,9144,280.4,-51.7,3,225,31
62.96,-155.61,10279,235.0,-53.1,1,220,23
62.96,-155.61,11752,187.0,-53.3,1,220,27
62.96,-155.61,14139,129.0,-54.5,1,247,28
62.96,-155.61,16133,94.7,-51.3,1,267,37
62.96,-155.61,19507,56.1,-51.9,1,300,65
62.96,-155.61,22860,33.7,-45.9,1,305,71
62.96,-155.61,26217,20.4,-43.5,1,295,83
62.96,-155.61,27947,15.8,-40.7,1,312,90
62.96,-155.61,32279,8.4,-37.9,1,317,111
64.81,-147.88,305,967.6,-4.1,82,160,4
64.81,-147.88,914,896.5,-0.8,57,145,15
64.81,-147.88,2309,752.0,-8.3,78,200,22
64.81,-147.88,3838,615.0,-19.3,79,174,28
64.81,-147.88,5350,500.0,-28.1,67,180,38
64.81,-147.88,7759,352.0,-49.5,39,179,46
64.81,-147.88,9449,269.7,-58.9,33,180,37
64.81,-147.88,10668,222.5,-56.4,12,240,27
64.81,-147.88,12044,179.0,-55.9,6,234,30
64.81,-147.88,13869,134.0,-57.7,2,258,39
64.81,-147.88,16760,84.6,-58.1,1,277,52
64.81,-147.88,20726,45.3,-56.2,1,290,82
64.81,-147.88,23765,28.3,-47.9,1,310,118
64.81,-147.88,27250,16.7,-45.5,1,315,132
64.81,-147.88,30828,9.8,-39.5,1,321,144
61.16,-150.01,166,984.0,3.6,70,132,14
61.16,-150.01,1219,864.9,-1.8,67,170,18
61.16,-150.01,2499,734.0,-12.3,95,199,24
61.16,-150.01,3927,607.0,-21.9,44,171,25
61.16,-150.01,5259,505.0,-30.9,50,227,28
61.16,-150.01,7199,381.0,-44.1,61,259,42
61.16,-150.01,9166,282.0,-55.3,16,240,30
61.16,-150.01,11360,200.0,-56.7,5,225,36
61.16,-150.01,12824,159.0,-52.7,5,254,29
61.16,-150.01,14470,123.0,-55.7,4,255,31
61.16,-150.01,17374,78.1,-53.3,4,270,54
61.16,-150.01,19558,55.7,-50.7,4,296,63
61.16,-150.01,23360,31.1,-45.7,3,304,78
61.16,-150.01,27432,16.9,-47.0,1,310,91
61.16,-150.01,31321,9.5,-39.7,1,323,108
55.2,-162.71,472,925.0,1.2,79,185,22
55.2,-162.71,1721,790.0,-7.5,62,185,29
55.2,-162.71,2438,719.8,-12.4,17,190,31
55.2,-162.71,3353,638.0,-16.2,79,150,43
55.2,-162.71,4483,548.0,-22.3,71,138,58
55.2,-162.71,5700,463.0,-31.7,70,140,66
55.2,-162.71,7010,383.2,-42.0,60,140,82
55.2,-162.71,7989,331.0,-48.1,1,151,79
55.2,-162.71,9675,256.0,-49.1,1,159,52
55.2,-162.71,10708,219.0,-45.5,1,163,36
55.2,-162.71,11887,183.8,-45.7,1,200,5
55.2,-162.71,13240,150.0,-45.5,1,210,28
55.2,-162.71,15122,113.0,-46.7,1,238,26
55.2,-162.71,18542,67.5,-45.5,1,269,26
55.2,-162.71,21336,44.3,-46.2,1,300,34
55.2,-162.71,23871,30.4,-43.7,1,287,19
55.2,-162.71,25908,22.5,-41.1,1,310,37
55.2,-162.71,28956,14.4,-36.6,1,335,26
58.68,-156.67,24,994.0,4.0,71,149,9
58.68,-156.67,1122,867.0,-3.7,72,147,39
58.68,-156.67,2061,769.0,-9.7,67,169,43
58.68,-156.67,3078,674.0,-11.5,89,185,27
58.68,-156.67,5731,471.0,-29.1,78,210,34
58.68,-156.67,8454,316.0,-50.3,43,217,43
58.68,-156.67,10058,245.3,-60.5,46,210,68
58.68,-156.67,11264,203.0,-51.9,5,229,27
58.68,-156.67,13230,150.0,-51.3,1,225,29
58.68,-156.67,15489,106.0,-49.5,1,244,34
58.68,-156.67,19524,57.3,-49.5,1,282,48
58.68,-156.67,23820,30.0,-45.7,1,298,58
58.68,-156.67,28289,15.5,-43.5,1,314,67
58.68,-156.67,33528,7.2,-37.1,1,335,79
57.75,-152.5,305,968.3,4.5,79,170,16
57.75,-152.5,1442,838.0,-7.3,57,167,26
57.75,-152.5,2801,703.0,-10.5,28,183,26
57.75,-152.5,4394,569.0,-20.9,70,208,14
57.75,-152.5,5791,469.6,-28.2,61,225,29
57.75,-152.5,9144,286.1,-56.3,61,240,41
57.75,-152.5,10363,235.6,-58.0,37,245,48
57.75,-152.5,13260,150.0,-53.3,2,240,36
57.75,-152.5,16459,91.8,-50.8,2,260,28
57.75,-152.5,20420,50.0,-48.9,2,300,43
57.75,-152.5,30313,11.4,-36.1,0,332,69
55.05,-131.59,305,978.2,7.2,29,140,14
55.05,-131.59,1331,862.0,3.4,13,172,26
55.05,-131.59,2743,721.6,-8.3,91,205,34
55.05,-131.59,4877,545.6,-17.5,86,220,23
55.05,-131.59,7935,356.0,-40.1,70,225,27
55.05,-131.59,10225,251.0,-58.7,61,225,45
55.05,-131.59,11516,204.0,-60.9,26,243,44
55.05,-131.59,12192,183.1,-58.6,12,235,30
55.05,-131.59,14758,122.0,-58.3,10,276,40
55.05,-131.59,16453,92.9,-62.9,10,272,50
55.05,-131.59,20088,51.5,-63.9,7,303,59
55.05,-131.59,22284,36.1,-61.7,3,315,74
55.05,-131.59,25407,22.1,-48.9,1,332,124
55.05,-131.59,29720,11.4,-48.0,1,340,136
52.71,174.1,1139,850.0,-8.1,78,315,9
52.71,174.1,2120,748.0,-12.7,30,330,10
52.71,174.1,3658,610.2,-19.8,6,345,8
52.71,174.1,5296,487.0,-32.1,66,313,6
52.71,174.1,7925,330.2,-52.0,61,70,10
52.71,174.1,9144,273.9,-48.8,2,285,1
52.71,174.1,11892,181.0,-43.1,0,230,18
65.28,-126.75,191,1000.0,-20.9,68,125,17
65.28,-126.75,1219,870.7,-12.1,79,155,10
65.28,-126.75,2887,700.0,-14.1,99,300,22
65.28,-126.75,4282,581.0,-21.9,88,310,24
65.28,-126.75,5917,463.0,-33.5,63,309,38
65.28,-126.75,7620,360.6,-47.0,22,310,40
65.28,-126.75,9762,258.0,-58.3,31,305,58
65.28,-126.75,11590,192.0,-64.5,21,305,60
65.28,-126.75,14748,115.0,-65.3,4,299,59
65.28,-126.75,16739,82.8,-68.5,4,292,71
65.28,-126.75,21336,38.4,-70.7,4,320,95
65.28,-126.75,29670,10.0,-48.1,1,335,214
50.68,-127.36,305,979.5,4.4,60,115,26
50.68,-127.36,1219,876.1,5.9,20,150,18
50.68,-127.36,2560,742.0,-0.9,47,199,17
50.68,-127.36,3658,645.4,-8.0,52,220,22
50.68,-127.36,7200,400.0,-33.7,72,225,29
50.68,-127.36,10058,260.1,-56.9,56,215,34
50.68,-127.36,11004,224.0,-58.9,17,212,40
50.68,-127.36,12497,176.9,-55.8,2,250,31
50.68,-127.36,14126,137.0,-55.5,1,267,37
50.68,-127.36,16764,89.9,-62.9,1,300,43
50.68,-127.36,20117,52.0,-64.2,1,305,62
50.68,-127.36,22860,33.3,-63.4,1,320,72
50.68,-127.36,26822,17.9,-51.2,1,340,129
50.68,-127.36,30480,10.2,-46.1,1,345,134
53.53,-114.1,792,920.0,-0.3,59,294,11
53.53,-114.1,1935,797.0,-5.5,75,323,44
53.53,-114.1,3462,654.0,-12.7,100,313,57
53.53,-114.1,4877,541.7,-19.7,38,310,77
53.53,-114.1,6509,433.0,-29.9,56,305,88
53.53,-114.1,9887,263.0,-52.9,29,297,94
53.53,-114.1,11582,200.6,-65.9,62,305,82
53.53,-114.1,12779,165.0,-62.3,9,310,72
53.53,-114.1,15860,100.0,-64.9,6,315,73
53.53,-114.1,18290,66.9,-70.5,6,310,73
53.53,-114.1,24994,21.3,-72.9,7,325,89
53.55,-114.1,766,923.0,-1.7,69,290,7
53.55,-114.1,1829,807.7,-4.9,77,325,41
53.55,-114.1,3353,663.4,-12.4,100,315,59
53.55,-114.1,4739,552.0,-18.3,34,310,72
53.55,-114.1,6281,447.0,-29.3,70,305,85
53.55,-114.1,7620,369.5,-37.4,50,305,94
53.55,-114.1,10210,250.0,-55.9,36,295,96
53.55,-114.1,11582,200.6,-65.9,55,305,82
53.55,-114.1,12780,165.0,-62.3,7,310,72
53.55,-114.1,15860,100.0,-64.9,5,315,73
53.55,-114.1,18020,70.0,-69.1,6,315,68
53.55,-114.1,24689,22.5,-73.0,6,325,103
53.55,-114.1,29590,10.0,-62.5,5,345,149
43.93,-60.01,2134,780.9,7.3,100,180,36
43.93,-60.01,3962,622.8,-2.6,77,235,30
43.93,-60.01,7477,392.0,-25.7,79,249,52
43.93,-60.01,10807,241.0,-52.5,68,265,94
43.93,-60.01,13612,152.0,-71.5,56,265,109
43.93,-60.01,14630,128.2,-67.6,14,275,101
43.93,-60.01,16217,98.6,-62.5,4,265,86
43.93,-60.01,18310,70.0,-66.3,3,255,67
43.93,-60.01,20422,49.8,-59.6,2,240,49
43.87,-66.11,195,972.0,11.8,100,199,39
43.87,-66.11,1326,850.0,10.4,95,210,59
43.87,-66.11,2743,715.2,1.7,71,215,64
43.87,-66.11,3843,623.0,-4.7,25,215,71
43.87,-66.11,5110,529.0,-12.7,90,222,88
43.87,-66.11,6706,427.0,-23.1,76,225,118
43.87,-66.11,10440,250.0,-50.1,76,230,130
43.87,-66.11,13081,163.0,-67.7,53,233,133
43.87,-66.11,14929,120.0,-68.1,10,250,105
43.87,-66.11,16154,98.0,-65.7,4,240,95
43.87,-66.11,18071,71.7,-64.3,3,245,68
46.3,-76.01,189,977.0,-14.9,70,320,4
46.3,-76.01,1033,872.0,-22.5,95,286,18
46.3,-76.01,1980,768.0,-18.5,83,258,28
46.3,-76.01,3048,664.3,-24.4,66,240,37
46.3,-76.01,4602,534.0,-35.3,25,239,42
46.3,-76.01,6096,430.2,-40.3,18,225,51
46.3,-76.01,8498,301.0,-45.7,1,215,99
46.3,-76.01,11047,205.0,-47.9,1,213,104
46.3,-76.01,13411,142.5,-52.7,1,215,84
46.3,-76.01,15690,100.0,-55.3,1,230,92
46.3,-76.01,19202,57.4,-58.8,1,235,66
46.3,-76.01,21684,38.5,-64.9,1,250,97
46.3,-76.01,25277,21.5,-60.9,1,235,118
48.56,-58.56,421,960.0,-5.7,83,112,40
48.56,-58.56,1043,888.0,2.6,83,162,52
48.56,-58.56,2134,776.2,2.9,96,210,47
48.56,-58.56,4267,592.8,-9.5,92,220,47
48.56,-58.56,5332,516.0,-15.1,39,238,52
48.56,-58.56,6737,427.0,-24.3,52,250,75
48.56,-58.56,10099,262.0,-52.1,57,255,91
48.56,-58.56,13344,154.0,-69.9,48,263,129
48.56,-58.56,14997,117.0,-66.5,8,265,96
48.56,-58.56,16725,88.5,-64.7,3,246,76
48.56,-58.56,18160,70.0,-65.1,3,250,75
48.56,-58.56,21303,42.3,-58.3,2,256,70
53.3,-60.36,170,987.0,-8.7,93,104,14
53.3,-60.36,1332,850.0,-6.1,96,150,66
53.3,-60.36,2508,732.0,-5.5,96,183,49
53.3,-60.36,5450,500.0,-18.3,86,225,58
53.3,-60.36,8191,341.0,-40.3,77,229,67
53.3,-60.36,10668,232.7,-62.3,58,245,103
53.3,-60.36,12802,162.9,-69.9,52,250,121
53.3,-60.36,14016,133.0,-68.3,19,252,79
53.3,-60.36,16764,84.7,-64.3,4,255,69
53.3,-60.36,20150,48.7,-66.1,2,254,97
53.75,-73.66,1065,850.0,-12.5,93,205,23
53.75,-73.66,2527,700.0,-15.5,88,175,39
53.75,-73.66,4435,541.0,-28.7,100,176,40
53.75,-73.66,6096,427.0,-37.2,4,170,40
53.75,-73.66,9670,250.0,-51.9,6,190,56
53.75,-73.66,12264,167.0,-53.5,3,201,67
53.75,-73.66,14935,109.3,-61.4,4,210,74
53.75,-73.66,16764,81.3,-62.5,3,235,71
53.75,-73.66,23685,25.7,-72.1,4,240,121
53.75,-73.66,28178,12.1,-67.5,4,241,129
51.29,-80.62,399,947.0,-29.9,85,285,29
51.29,-80.62,1023,868.0,-27.1,62,306,28
51.29,-80.62,1829,777.3,-22.6,39,285,28
51.29,-80.62,2599,700.0,-22.3,36,255,31
51.29,-80.62,4877,507.5,-38.8,66,230,15
51.29,-80.62,6480,400.0,-47.5,67,205,18
51.29,-80.62,8796,280.0,-51.9,5,205,28
51.29,-80.62,10980,200.0,-51.7,2,215,31
51.29,-80.62,15240,103.0,-57.1,2,225,52
51.29,-80.62,17660,70.0,-61.7,2,230,65
51.29,-80.62,20129,46.9,-66.1,2,230,90
51.29,-80.62,23929,24.9,-71.7,3,240,120
51.29,-80.62,27432,13.8,-69.1,2,235,141
51.45,-90.22,651,925.0,-29.1,77,290,30
51.45,-90.22,1622,807.0,-30.5,84,333,34
51.45,-90.22,2476,716.0,-28.1,63,345,42
51.45,-90.22,4267,555.1,-37.7,26,340,42
51.45,-90.22,6096,424.0,-44.7,7,340,55
51.45,-90.22,8370,300.0,-51.5,6,340,51
51.45,-90.22,10872,204.0,-53.9,1,327,48
51.45,-90.22,14806,110.0,-59.9,1,305,53
51.45,-90.22,17678,69.2,-62.8,2,290,61
51.45,-90.22,19718,49.6,-68.5,2,265,52
51.45,-90.22,23470,26.5,-71.0,2,245,74
51.45,-90.22,26077,17.1,-73.3,2,245,77
53.97,-101.09,524,954.0,-29.5,86,336,20
53.97,-101.09,1143,876.0,-18.9,59,343,18
53.97,-101.09,1732,810.0,-16.5,55,338,17
53.97,-101.09,2818,700.0,-22.9,58,345,19
53.97,-101.09,3658,623.4,-27.8,27,330,20
53.97,-101.09,4744,535.0,-32.9,36,332,29
53.97,-101.09,6510,416.0,-38.1,69,327,63
53.97,-101.09,8839,292.6,-55.4,73,320,78
53.97,-101.09,10964,209.0,-58.1,8,320,85
53.97,-101.09,14021,128.3,-62.6,2,325,72
58.11,-68.41,324,959.0,-13.1,86,82,38
58.11,-68.41,1656,806.0,-12.1,86,137,70
58.11,-68.41,3262,652.0,-19.5,84,150,57
58.11,-68.41,4912,522.0,-21.5,76,166,56
58.11,-68.41,6830,400.0,-34.9,70,195,53
58.11,-68.41,9920,250.0,-62.5,51,180,98
58.11,-68.41,11582,189.8,-69.3,49,205,103
58.11,-68.41,15545,98.6,-67.5,4,230,73
53.9,-122.79,1149,886.0,-5.7,63,180,27
53.9,-122.79,1943,802.0,-0.7,13,306,17
53.9,-122.79,3018,700.0,-6.9,53,300,27
53.9,-122.79,4345,589.0,-15.9,76,276,42
53.9,-122.79,5791,485.1,-23.7,81,295,40
53.9,-122.79,7861,362.0,-39.3,69,285,41
53.9,-122.79,11382,210.0,-64.7,53,276,57
53.9,-122.79,12647,171.0,-58.3,6,284,42
53.9,-122.79,15240,112.9,-61.1,2,290,50
53.9,-122.79,17983,72.1,-67.7,2,300,60
53.9,-122.79,21408,40.8,-69.9,2,312,68
53.9,-122.79,24689,23.6,-66.5,2,330,116
53.9,-122.79,28042,13.8,-55.4,1,340,194
53.9,-122.79,31699,7.9,-46.2,1,345,221
63.75,-68.55,541,946.0,-15.3,35,101,14
63.75,-68.55,1524,831.8,-12.1,22,110,17
63.75,-68.55,2743,707.7,-19.2,17,150,14
63.75,-68.55,3962,598.8,-28.0,10,180,26
63.75,-68.55,5182,503.5,-36.6,67,210,23
63.75,-68.55,6986,386.0,-47.7,58,229,34
63.75,-68.55,8839,289.7,-57.9,24,245,93
63.75,-68.55,10795,210.0,-66.5,43,236,81
63.75,-68.55,12701,153.0,-69.1,10,232,47
63.75,-68.55,15240,100.0,-71.3,6,240,51
58.73,-94.08,305,975.3,-27.1,84,335,22
58.73,-94.08,675,927.0,-19.3,31,12,30
58.73,-94.08,1219,861.4,-21.0,91,20,33
58.73,-94.08,2020,773.0,-18.1,14,28,38
58.73,-94.08,3033,674.0,-24.3,32,22,46
58.73,-94.08,4389,557.0,-35.7,69,18,47
58.73,-94.08,7620,342.2,-55.6,15,0,42
58.73,-94.08,10307,223.0,-58.3,4,350,36
58.73,-94.08,12780,150.0,-62.3,1,335,47
58.73,-94.08,17678,67.0,-68.7,1,325,38
74.7,-94.97,88,1008.0,-35.7,65,327,8
74.7,-94.97,457,957.0,-26.7,74,7,13
74.7,-94.97,1297,853.0,-24.7,78,350,17
74.7,-94.97,2517,721.0,-26.9,96,356,53
74.7,-94.97,3658,614.7,-31.6,37,5,58
74.7,-94.97,5486,471.4,-44.5,72,0,65
74.7,-94.97,7620,339.4,-56.1,36,355,51
74.7,-94.97,10058,229.3,-64.0,22,0,37
74.7,-94.97,11825,172.0,-67.1,7,336,24
74.7,-94.97,13106,139.2,-67.7,7,335,14
74.7,-94.97,14935,102.3,-71.7,8,350,18
74.7,-94.97,16764,74.8,-76.1,10,5,22
69.13,-105.06,165,1005.0,-27.3,84,344,20
69.13,-105.06,621,944.0,-20.7,53,5,30
69.13,-105.06,1219,871.4,-17.9,53,355,30
69.13,-105.06,2028,782.0,-19.5,49,3,29
69.13,-105.06,2743,709.7,-24.3,64,5,31
69.13,-105.06,3901,604.0,-30.5,41,12,38
69.13,-105.06,5043,513.0,-37.1,28,18,43
69.13,-105.06,8560,300.0,-61.3,22,0,48
69.13,-105.06,10668,212.1,-67.6,20,345,30
69.13,-105.06,12192,165.0,-65.6,7,325,39
69.13,-105.06,15240,99.3,-70.2,5,335,44
64.31,-96.0,182,1000.0,-32.9,69,350,21
64.31,-96.0,694,931.0,-20.9,87,343,13
64.31,-96.0,1170,873.0,-20.9,59,340,17
64.31,-96.0,2203,759.0,-22.3,27,332,14
64.31,-96.0,2794,700.0,-26.3,52,335,14
64.31,-96.0,3956,595.0,-33.1,40,308,11
64.31,-96.0,5311,489.0,-41.9,29,301,13
64.31,-96.0,7321,360.0,-55.1,47,342,15
64.31,-96.0,9144,268.9,-63.1,25,325,19
64.31,-96.0,10973,199.9,-63.9,8,5,23
64.31,-96.0,13716,127.3,-68.0,5,335,31
64.31,-96.0,17374,68.8,-72.5,5,320,55
64.31,-96.0,20726,38.5,-77.0,7,325,50
60.03,-111.93,339,981.0,-21.5,77,116,18
60.03,-111.93,1219,871.6,-19.0,80,145,16
60.03,-111.93,2438,739.7,-20.0,74,45,6
60.03,-111.93,3962,601.3,-24.3,95,330,28
60.03,-111.93,5182,507.6,-29.6,88,325,57
60.03,-111.93,6840,400.0,-42.7,63,320,65
60.03,-111.93,9248,276.0,-54.7,28,320,70
60.03,-111.93,13090,150.0,-61.3,9,315,74
60.03,-111.93,17518,72.3,-69.7,11,315,84
60.03,-111.93,20726,41.8,-73.8,13,315,79
58.83,-122.6,788,925.0,-19.9,88,345,4
58.83,-122.6,1210,875.0,-4.9,97,333,32
58.83,-122.6,2598,732.0,-9.5,90,311,37
58.83,-122.6,4267,587.7,-16.8,15,315,44
58.83,-122.6,7040,400.0,-36.1,16,300,59
58.83,-122.6,9754,265.7,-56.8,41,295,77
58.83,-122.6,11520,200.0,-62.1,14,295,67
58.83,-122.6,13716,140.7,-61.7,2,305,57
58.83,-122.6,16227,93.4,-65.7,2,309,66
58.83,-122.6,18593,63.1,-67.4,3,305,79
58.83,-122.6,22250,34.2,-70.9,2,325,106
58.83,-122.6,26848,16.0,-60.3,1,339,172
58.83,-122.6,29566,10.4,-52.3,1,340,188
58.83,-122.6,32180,7.0,-44.7,1,345,255
68.31,-133.53,738,925.0,-23.5,76,160,34
68.31,-133.53,1829,801.0,-12.4,89,165,19
68.31,-133.53,4267,579.7,-22.1,87,280,19
68.31,-133.53,6096,448.9,-35.9,76,275,28
68.31,-133.53,9455,269.0,-61.7,65,285,51
68.31,-133.53,10674,221.0,-60.9,14,285,47
68.31,-133.53,13929,130.0,-64.5,4,289,55
68.31,-133.53,15850,94.9,-65.6,3,300,62
68.31,-133.53,21776,35.6,-63.5,1,315,97
68.31,-133.53,27432,14.4,-52.4,1,330,192
68.31,-133.53,30674,8.8,-39.6,1,330,263
60.73,-135.06,738,925.0,-4.9,84,185,12
60.73,-135.06,1701,819.0,-3.3,63,189,16
60.73,-135.06,2743,717.2,-6.3,37,215,15
60.73,-135.06,4232,591.0,-14.5,5,208,22
60.73,-135.06,6027,463.0,-29.7,41,219,16
60.73,-135.06,6706,420.8,-34.5,61,235,25
60.73,-135.06,8970,300.0,-54.9,54,245,41
60.73,-135.06,10363,240.0,-62.0,36,255,38
60.73,-135.06,13300,150.0,-59.3,2,260,45
60.73,-135.06,16421,91.0,-63.9,2,275,53
60.73,-135.06,18288,67.2,-61.5,2,295,69
60.73,-135.06,23290,30.0,-53.9,1,325,131
60.73,-135.06,26107,19.5,-46.5,1,330,146
60.73,-135.06,31827,8.2,-44.9,1,338,175
24.55,-81.79,13,1016.0,21.6,83,355,13
24.55,-81.79,1219,883.0,15.5,94,60,1
24.55,-81.79,2201,786.0,11.0,79,206,16
24.55,-81.79,3159,700.0,5.8,85,200,20
24.55,-81.79,4267,610.7,0.7,86,240,24
24.55,-81.79,5182,544.8,-1.8,62,235,32
24.55,-81.79,5860,500.0,-5.3,12,235,26
24.55,-81.79,6831,441.0,-12.7,33,237,33
24.55,-81.79,9837,292.0,-36.9,17,241,43
24.55,-81.79,12192,204.7,-55.7,42,245,54
24.55,-81.79,14601,138.0,-71.5,51,255,75
24.55,-81.79,15929,110.0,-73.7,20,254,55
24.55,-81.79,18366,72.2,-70.3,11,245,29
24.55,-81.79,20540,50.0,-69.9,5,240,15
24.55,-81.79,21774,40.8,-62.7,2,212,14
25.75,-80.38,496,961.0,22.2,69,297,15
25.75,-80.38,1618,843.0,12.0,89,285,7
25.75,-80.38,2802,731.0,6.6,73,206,21
25.75,-80.38,3667,658.0,3.6,72,221,29
25.75,-80.38,4450,597.0,-1.3,50,236,27
25.75,-80.38,4706,578.0,-2.9,30,234,26
25.75,-80.38,5182,544.3,-2.7,23,240,25
25.75,-80.38,6314,471.0,-9.9,26,220,40
25.75,-80.38,7315,413.2,-14.7,14,245,49
25.75,-80.38,9640,300.0,-34.5,18,250,49
25.75,-80.38,12597,192.0,-58.7,56,250,58
25.75,-80.38,14813,133.0,-71.5,35,254,58
25.75,-80.38,17239,87.6,-77.1,13,254,52
25.75,-80.38,18898,66.0,-72.9,9,240,34
25.75,-80.38,20540,50.0,-70.5,4,235,15
25.75,-80.38,22250,37.8,-59.0,1,215,9
25.75,-80.38,24384,27.0,-56.4,1,230,10
25.75,-80.38,27432,16.7,-54.5,1,140,19
25.75,-80.38,30273,10.8,-48.1,1,163,26
25.75,-80.38,32599,7.6,-45.3,1,165,46
30.5,-81.7,297,986.0,3.2,48,295,22
30.5,-81.7,1223,878.0,-3.3,20,310,44
30.5,-81.7,2294,769.0,8.8,3,257,64
30.5,-81.7,3658,650.2,1.1,5,240,69
30.5,-81.7,5464,517.0,-11.9,92,242,83
30.5,-81.7,6434,455.0,-16.1,85,230,92
30.5,-81.7,9144,313.9,-34.4,85,240,100
30.5,-81.7,11682,215.0,-54.3,37,248,122
30.5,-81.7,13149,170.0,-63.3,33,240,124
30.5,-81.7,14630,133.2,-65.6,6,245,90
30.5,-81.7,17467,82.5,-74.9,6,246,61
30.5,-81.7,19060,63.0,-66.5,4,234,56
30.5,-81.7,20422,50.4,-60.4,1,245,46
30.5,-81.7,21946,39.5,-60.5,1,240,28
30.5,-81.7,23774,29.5,-57.8,1,205,39
30.5,-81.7,26163,20.3,-50.5,1,214,34
30.5,-81.7,29892,11.4,-53.7,1,198,43
32.9,-80.03,15,1016.0,5.4,31,290,6
32.9,-80.03,1437,850.0,-7.1,49,285,37
32.9,-80.03,2380,754.0,-1.5,7,253,65
32.9,-80.03,3344,669.0,0.6,12,240,100
32.9,-80.03,5018,542.0,-8.5,10,235,96
32.9,-80.03,6705,434.0,-21.1,64,238,101
32.9,-80.03,9370,300.0,-37.3,62,235,122
32.9,-80.03,13129,168.0,-63.1,44,250,128
32.9,-80.03,16076,103.0,-71.9,47,242,98
32.9,-80.03,18128,73.2,-67.1,42,245,78
32.9,-80.03,18898,64.5,-64.9,43,240,61
32.9,-80.03,20460,50.0,-63.3,44,240,49
32.9,-80.03,22039,38.8,-60.7,39,231,40
32.9,-80.03,23954,28.7,-55.3,36,223,38
32.9,-80.03,26518,19.2,-52.9,31,240,45
32.9,-80.03,28512,14.1,-50.9,29,206,58
32.9,-80.03,31167,9.4,-50.3,23,214,60
27.7,-82.4,630,948.0,5.4,42,335,31
27.7,-82.4,1261,878.0,11.2,2,281,27
27.7,-82.4,1681,835.0,11.8,20,253,28
27.7,-82.4,2383,767.0,5.4,87,250,32
27.7,-82.4,3281,687.0,1.4,82,261,41
27.7,-82.4,3915,635.0,0.6,9,246,52
27.7,-82.4,5029,552.0,-4.9,99,230,58
27.7,-82.4,5955,490.0,-11.9,61,235,63
27.7,-82.4,7361,407.0,-18.9,41,240,72
27.7,-82.4,8146,366.0,-23.7,58,242,73
27.7,-82.4,9734,293.0,-35.9,25,250,89
27.7,-82.4,12549,191.0,-59.9,59,247,84
27.7,-82.4,14060,149.0,-68.1,42,245,99
27.7,-82.4,15547,116.0,-72.5,29,254,71
27.7,-82.4,18288,72.7,-73.0,15,250,56
27.7,-82.4,19812,56.2,-68.0,8,230,39
27.7,-82.4,21114,45.4,-62.1,2,243,31
27.7,-82.4,23265,32.2,-59.7,1,192,20
27.7,-82.4,25603,22.3,-53.9,1,200,27
27.7,-82.4,26822,18.4,-52.6,1,225,14
27.7,-82.4,28924,13.3,-51.1,1,188,27
27.7,-82.4,30785,10.0,-45.6,1,175,50
27.7,-82.4,33833,6.3,-44.5,1,175,37
30.45,-84.3,827,925.0,-3.9,50,325,26
30.45,-84.3,1829,814.4,-3.7,3,300,41
30.45,-84.3,2994,704.0,4.4,3,258,76
30.45,-84.3,4535,581.0,-4.7,2,250,78
30.45,-84.3,6248,465.0,-17.3,14,250,78
30.45,-84.3,7360,400.0,-21.5,84,240,98
30.45,-84.3,10650,250.0,-46.5,57,245,127
30.45,-84.3,13250,166.0,-63.5,18,250,127
30.45,-84.3,14935,125.9,-65.9,12,245,97
30.45,-84.3,16796,92.3,-71.4,12,245,72
30.45,-84.3,18593,68.1,-70.6,11,240,70
30.45,-84.3,20726,48.0,-63.2,6,260,35
30.45,-84.3,22860,34.1,-58.6,1,210,31
30.45,-84.3,25603,22.1,-54.2,1,225,46
30.45,-84.3,27737,15.9,-51.5,1,210,33
30.45,-84.3,30675,10.1,-50.5,1,205,51
33.36,-84.57,387,979.0,-8.7,41,312,16
33.36,-84.57,1515,844.0,-18.9,65,306,31
33.36,-84.57,2187,772.0,-13.3,8,304,53
33.36,-84.57,3543,645.0,-15.3,1,269,73
33.36,-84.57,4342,581.0,-11.1,5,250,107
33.36,-84.57,6096,461.8,-15.1,1,250,129
33.36,-84.57,8440,335.0,-31.5,50,242,143
33.36,-84.57,10154,261.0,-46.3,50,242,159
33.16,-86.76,846,925.0,-13.1,43,310,17
33.16,-86.76,1829,811.7,-13.5,19,315,46
33.16,-86.76,3055,690.0,-18.9,4,295,55
33.16,-86.76,4283,586.0,-14.9,1,265,91
33.16,-86.76,5740,483.0,-15.5,1,265,127
33.16,-86.76,8289,341.0,-33.5,5,251,145
33.16,-86.76,10570,244.0,-49.3,23,247,170
33.16,-86.76,12044,194.0,-56.5,1,263,151
33.16,-86.76,13660,150.0,-60.5,1,245,117
33.16,-86.76,15098,119.0,-60.9,1,254,104
33.16,-86.76,17709,77.5,-63.1,1,246,70
33.16,-86.76,19202,60.7,-63.6,1,235,63
33.16,-86.76,21324,43.0,-58.1,1,245,40
33.16,-86.76,23718,29.4,-57.7,1,225,45
33.16,-86.76,25950,20.7,-56.1,1,235,69
33.16,-86.76,28042,15.0,-52.2,1,230,72
30.34,-89.83,41,1028.0,-0.7,31,350,7
30.34,-89.83,1256,880.0,-12.3,61,322,23
30.34,-89.83,2134,785.4,-8.8,8,330,72
30.34,-89.83,2710,730.0,3.4,6,292,72
30.34,-89.83,4252,602.0,-3.3,1,275,71
30.34,-89.83,7188,409.0,-24.3,14,269,78
30.34,-89.83,8063,362.0,-31.9,74,263,88
30.34,-89.83,11887,204.9,-58.2,54,255,146
30.34,-89.83,13769,151.0,-63.7,4,250,127
30.34,-89.83,15426,115.0,-64.7,2,258,92
30.34,-89.83,18155,73.0,-66.3,2,250,60
30.34,-89.83,20117,52.8,-67.1,1,265,48
30.34,-89.83,21252,43.8,-59.9,1,254,47
30.34,-89.83,23410,31.0,-54.3,1,246,41
30.34,-89.83,25067,23.9,-55.1,1,217,45
30.34,-89.83,29928,11.2,-53.5,1,223,62
32.32,-90.08,121,1020.0,-5.3,35,314,15
32.32,-90.08,1269,878.0,-15.7,55,324,30
32.32,-90.08,2438,753.2,-14.8,14,305,50
32.32,-90.08,3658,641.3,-12.0,1,295,72
32.32,-90.08,5424,509.0,-12.1,1,285,113
32.32,-90.08,8753,322.0,-37.9,4,257,133
32.32,-90.08,10460,250.0,-48.9,49,240,154
32.32,-90.08,11890,200.0,-57.1,13,255,167
32.32,-90.08,13716,149.9,-59.7,1,265,105
32.32,-90.08,16190,100.0,-65.3,2,255,91
32.32,-90.08,18330,70.0,-67.3,3,275,72
32.32,-90.08,20117,52.3,-61.8,1,245,37
32.32,-90.08,22250,37.1,-56.6,1,250,32
32.32,-90.08,23922,28.4,-59.9,1,234,42
32.32,-90.08,25908,20.8,-55.3,1,225,72
32.32,-90.08,29227,12.4,-54.1,1,230,75
32.32,-90.08,31090,9.3,-47.8,1,210,91
30.11,-93.21,914,923.0,-8.7,45,340,13
30.11,-93.21,1565,849.0,-5.9,6,340,44
30.11,-93.21,2426,760.0,-7.9,14,320,50
30.11,-93.21,3077,700.0,1.6,7,295,55
30.11,-93.21,5720,500.0,-14.5,4,285,56
30.11,-93.21,7925,370.2,-31.0,45,275,61
30.11,-93.21,9796,283.0,-42.5,73,249,105
30.11,-93.21,12302,192.0,-61.3,67,248,135
30.11,-93.21,13810,150.0,-63.9,7,260,121
30.11,-93.21,15587,112.0,-67.5,4,258,85
30.11,-93.21,18062,74.1,-71.3,5,260,67
30.11,-93.21,19507,58.2,-65.5,3,260,38
30.11,-93.21,21031,45.4,-62.6,2,240,40
30.11,-93.21,24190,27.3,-54.7,1,248,47
30.11,-93.21,27432,16.4,-52.7,1,230,68
32.46,-93.78,288,1000.0,-3.5,28,310,9
32.46,-93.78,1298,878.0,-10.5,19,329,34
32.46,-93.78,2199,781.0,-11.7,25,305,45
32.46,-93.78,3048,698.3,-15.3,2,320,51
32.46,-93.78,4267,595.7,-8.0,1,315,82
32.46,-93.78,6096,468.4,-17.9,2,295,100
32.46,-93.78,8839,319.9,-38.9,2,270,103
32.46,-93.78,9449,292.6,-43.0,56,260,124
32.46,-93.78,11910,200.0,-58.1,2,250,149
32.46,-93.78,13577,153.0,-61.5,1,264,115
32.46,-93.78,14974,122.0,-62.1,1,262,87
32.46,-93.78,17069,86.6,-68.5,1,265,64
32.46,-93.78,19236,60.4,-64.1,1,276,51
32.46,-93.78,20588,48.4,-62.7,1,266,43
32.46,-93.78,22159,37.5,-57.5,1,247,55
32.46,-93.78,25908,20.7,-58.7,1,225,62
32.46,-93.78,28725,13.3,-50.3,1,226,91
32.46,-93.78,31643,8.5,-45.1,1,225,107
32.46,-93.78,34138,5.8,-44.4,1,215,109
32.83,-97.3,1370,872.0,-11.9,56,325,16
32.83,-97.3,2026,801.0,-9.7,62,323,33
32.83,-97.3,3027,703.0,-13.3,8,329,42
32.83,-97.3,3662,648.0,-3.7,10,325,59
32.83,-97.3,5670,500.0,-14.3,1,305,63
32.83,-97.3,9144,307.8,-41.5,2,275,71
32.83,-97.3,11305,221.0,-59.5,45,257,99
32.83,-97.3,13042,167.0,-61.9,14,264,94
32.83,-97.3,14254,137.0,-65.7,9,271,77
32.83,-97.3,15535,111.0,-65.9,7,275,76
32.83,-97.3,18330,70.0,-68.7,3,280,58
32.83,-97.3,19836,54.6,-63.5,2,289,44
32.83,-97.3,21336,42.7,-61.6,1,280,35
32.83,-97.3,23284,31.2,-60.3,1,271,49
32.83,-97.3,24689,24.9,-61.0,1,250,44
32.83,-97.3,27154,16.8,-54.7,1,230,78
32.83,-97.3,30175,10.4,-51.7,1,230,123
32.83,-97.3,31921,8.0,-48.3,1,227,131
27.76,-97.5,44,1033.0,2.0,35,5,11
27.76,-97.5,922,925.0,-1.3,28,40,12
27.76,-97.5,1840,824.0,-3.7,14,335,17
27.76,-97.5,2325,775.0,0.6,29,307,18
27.76,-97.5,2730,737.0,1.4,70,276,22
27.76,-97.5,3353,682.0,-0.4,37,295,29
27.76,-97.5,4608,582.0,-6.1,7,294,24
27.76,-97.5,6133,477.0,-18.1,28,284,17
27.76,-97.5,7010,423.6,-22.3,78,250,22
27.76,-97.5,8374,351.0,-29.9,73,235,65
27.76,-97.5,9470,300.0,-39.5,66,235,83
27.76,-97.5,10796,246.0,-49.1,30,235,110
27.76,-97.5,13621,157.0,-65.1,8,248,102
27.76,-97.5,15610,113.0,-67.5,4,255,75
27.76,-97.5,18898,64.9,-70.6,5,275,57
27.76,-97.5,20726,47.9,-66.3,2,260,35
27.76,-97.5,22084,38.4,-62.7,2,252,34
27.76,-97.5,24384,26.5,-57.9,1,250,39
27.76,-97.5,26170,20.0,-55.7,1,230,53
27.76,-97.5,28051,14.9,-52.3,1,230,68
27.76,-97.5,30480,10.2,-49.4,1,225,70
29.36,-100.91,921,925.0,-2.9,46,115,6
29.36,-100.91,1859,821.0,-4.3,42,226,10
29.36,-100.91,2285,778.0,0.8,12,320,12
29.36,-100.91,2863,724.0,1.0,47,294,24
29.36,-100.91,3962,630.8,-2.9,7,290,11
29.36,-100.91,5791,497.9,-15.0,1,270,15
29.36,-100.91,7710,383.0,-30.1,20,311,12
29.36,-100.91,9410,300.0,-42.5,58,230,50
29.36,-100.91,11170,229.0,-55.1,24,228,80
29.36,-100.91,13658,154.0,-63.1,1,253,66
29.36,-100.91,16280,100.0,-68.5,1,275,57
29.36,-100.91,18625,67.4,-70.5,1,278,42
29.36,-100.91,20101,52.7,-65.7,1,278,28
29.36,-100.91,21336,43.0,-65.1,1,275,34
29.36,-100.91,23165,32.0,-60.5,1,260,36
29.36,-100.91,25908,20.6,-58.9,1,225,57
29.36,-100.91,27851,15.1,-56.5,1,230,83
29.36,-100.91,29708,11.3,-47.3,1,230,109
31.95,-102.18,1671,840.0,-8.9,52,223,8
31.95,-102.18,2440,762.0,-1.7,7,20,12
31.95,-102.18,3658,653.9,-3.9,14,315,11
31.95,-102.18,5232,534.0,-11.7,6,308,29
31.95,-102.18,7620,386.7,-29.9,1,320,27
31.95,-102.18,9793,282.0,-46.7,3,255,47
31.95,-102.18,11220,226.0,-58.5,40,255,47
31.95,-102.18,12469,185.0,-60.1,5,271,50
31.95,-102.18,14697,129.0,-65.1,1,278,54
31.95,-102.18,16240,100.0,-66.5,1,280,54
31.95,-102.18,20364,50.3,-65.9,1,285,35
31.95,-102.18,21633,40.8,-65.1,1,276,25
31.95,-102.18,23419,30.5,-65.1,1,276,29
31.95,-102.18,24994,23.6,-62.1,1,250,57
31.95,-102.18,26822,17.6,-63.5,1,245,61
31.95,-102.18,29932,10.7,-56.9,1,232,113
32.23,-110.96,824,925.0,17.4,12,310,6
32.23,-110.96,1875,816.0,10.2,9,105,11
32.23,-110.96,3140,700.0,5.8,9,40,16
32.23,-110.96,5182,540.5,-10.8,14,310,12
32.23,-110.96,7269,409.0,-25.7,5,357,24
32.23,-110.96,11278,225.9,-58.9,13,315,30
32.23,-110.96,12528,185.0,-58.3,4,317,50
32.23,-110.96,15242,120.0,-64.3,2,315,60
32.23,-110.96,17418,83.6,-72.3,4,300,44
32.23,-110.96,19507,58.8,-67.4,3,295,29
32.23,-110.96,21336,43.4,-66.6,2,305,32
32.23,-110.96,22860,33.7,-64.2,2,305,34
32.23,-110.96,24482,25.9,-63.5,1,280,34
32.23,-110.96,26822,17.6,-64.0,2,280,56
32.23,-110.96,28119,14.3,-60.5,1,281,42
32.23,-110.96,31056,9.0,-50.5,1,308,47
32.85,-117.12,429,970.0,18.6,8,305,10
32.85,-117.12,1687,836.0,11.4,11,92,6
32.85,-117.12,3364,682.0,3.4,8,15,4
32.85,-117.12,5800,500.0,-12.7,2,320,10
32.85,-117.12,9144,314.8,-41.1,14,295,25
32.85,-117.12,10243,267.0,-49.7,49,306,31
32.85,-117.12,11582,216.8,-54.3,6,320,45
32.85,-117.12,13106,170.9,-56.8,2,310,98
32.85,-117.12,14630,134.1,-61.7,1,310,48
32.85,-117.12,16060,106.0,-66.9,2,297,63
32.85,-117.12,18510,70.0,-74.5,3,300,25
32.85,-117.12,19507,59.1,-68.5,3,315,18
34.78,-76.88,93,1000.0,7.2,61,280,18
34.78,-76.88,1218,870.0,-1.9,46,275,34
34.78,-76.88,1829,805.5,-0.9,2,270,41
34.78,-76.88,2620,730.0,1.8,60,230,91
34.78,-76.88,3502,654.0,-2.3,36,230,99
34.78,-76.88,4759,558.0,-5.3,3,230,102
34.78,-76.88,6096,468.8,-16.0,29,235,104
34.78,-76.88,7270,400.0,-21.1,89,230,125
34.78,-76.88,9080,311.0,-35.3,79,230,129
34.78,-76.88,10570,250.0,-47.3,56,240,141
34.78,-76.88,12433,187.0,-59.1,9,246,134
34.78,-76.88,14552,132.0,-64.9,7,240,127
34.78,-76.88,16052,103.0,-68.1,4,248,96
34.78,-76.88,18233,71.7,-63.1,3,237,66
34.78,-76.88,19144,61.8,-60.7,2,238,49
34.78,-76.88,20726,47.8,-62.9,2,230,37
34.78,-76.88,22796,34.3,-55.1,2,218,51
34.78,-76.88,24489,26.3,-54.3,2,236,53
34.78,-76.88,27708,16.0,-52.5,2,210,46
34.78,-76.88,30760,10.0,-49.9,1,210,68
36.08,-79.95,1169,875.0,-12.1,56,278,31
36.08,-79.95,2424,741.0,-19.5,15,265,40
36.08,-79.95,3469,644.0,-19.1,7,251,73
36.08,-79.95,5121,518.0,-13.7,1,228,144
36.08,-79.95,7070,400.0,-23.1,1,230,153
36.08,-79.95,9110,300.0,-39.1,69,230,168
36.08,-79.95,10870,230.0,-53.3,25,244,187
36.08,-79.95,12192,186.9,-56.3,1,240,137
36.08,-79.95,13697,147.0,-57.3,1,236,140
36.08,-79.95,15449,111.0,-62.5,1,243,126
36.08,-79.95,17733,76.5,-65.1,1,241,90
36.08,-79.95,19202,60.3,-61.1,1,220,68
36.08,-79.95,21912,39.2,-60.9,1,241,64
36.08,-79.95,25558,22.0,-52.9,1,234,67
36.08,-79.95,28689,13.6,-47.1,0,229,69
37.2,-80.41,1392,850.0,-20.9,82,290,31
37.2,-80.41,2338,747.0,-21.7,10,283,45
37.2,-80.41,3473,640.0,-23.3,20,267,56
37.2,-80.41,5013,519.0,-18.7,4,232,127
37.2,-80.41,6553,421.0,-24.1,1,225,155
37.2,-80.41,8970,300.0,-38.3,17,235,201
37.2,-80.41,10363,243.8,-49.8,26,235,210
37.2,-80.41,12002,189.0,-51.9,2,230,144
37.2,-80.41,13783,143.0,-55.9,1,238,137
37.2,-80.41,15377,111.0,-60.3,1,248,104
37.2,-80.41,17374,80.4,-59.6,1,235,94
37.2,-80.41,18898,63.0,-61.2,1,240,77
37.2,-80.41,20726,47.1,-55.7,1,235,39
37.2,-80.41,23196,31.8,-60.5,1,239,54
37.2,-80.41,25908,20.7,-52.1,1,230,94
37.2,-80.41,27921,15.2,-51.5,1,232,84
36.25,-86.57,249,1000.0,-13.7,47,295,15
36.25,-86.57,1456,850.0,-25.3,95,285,18
36.25,-86.57,2134,774.5,-23.6,44,290,38
36.25,-86.57,3560,637.0,-25.7,17,286,58
36.25,-86.57,4877,530.6,-29.3,11,290,56
34.84,-92.26,277,1000.0,-9.3,37,295,9
34.84,-92.26,1541,846.0,-17.3,29,320,42
34.84,-92.26,2743,720.2,-20.9,34,310,50
34.84,-92.26,3658,636.8,-17.7,11,315,60
34.84,-92.26,5440,500.0,-23.3,8,300,89
34.84,-92.26,7925,352.4,-35.9,1,290,119
34.84,-92.26,10572,238.0,-49.9,3,268,142
34.84,-92.26,11700,200.0,-51.1,1,275,125
34.84,-92.26,12970,164.0,-53.1,1,275,112
34.84,-92.26,14395,131.0,-58.7,1,265,86
34.84,-92.26,16080,100.0,-62.7,2,260,74
34.84,-92.26,19378,58.2,-64.3,2,266,62
34.84,-92.26,20422,49.1,-60.0,1,240,46
34.84,-92.26,22057,37.8,-59.3,1,248,52
34.84,-92.26,24384,26.1,-61.6,2,225,52
34.84,-92.26,27432,16.1,-54.5,1,235,102
34.84,-92.26,30196,10.5,-54.3,1,226,118
34.84,-92.26,32309,7.6,-50.5,1,225,136
35.18,-97.44,1115,899.0,-10.5,44,276,22
35.18,-97.44,2192,781.0,-15.3,22,328,43
35.18,-97.44,3535,654.0,-11.9,1,329,66
35.18,-97.44,4877,549.7,-11.8,8,325,79
35.18,-97.44,8290,344.0,-37.9,13,303,87
35.18,-97.44,10996,228.0,-57.9,11,295,99
35.18,-97.44,12802,170.5,-62.9,7,275,97
35.18,-97.44,14190,136.0,-64.7,4,287,80
35.18,-97.44,15958,102.0,-63.3,3,286,73
35.18,-97.44,18288,69.7,-67.0,3,280,46
35.18,-97.44,20237,50.6,-64.5,1,275,55
35.18,-97.44,21568,40.8,-60.1,1,266,40
35.18,-97.44,24079,27.1,-61.8,1,260,58
35.23,-101.7,1099,902.0,-0.7,43,225,9
35.23,-101.7,2328,771.0,-7.5,20,343,19
35.23,-101.7,3353,676.0,-7.0,38,335,47
35.23,-101.7,4877,555.7,-11.8,21,330,42
35.23,-101.7,7320,400.0,-28.1,12,300,47
35.23,-101.7,10131,265.0,-50.5,6,293,48
35.23,-101.7,12215,190.0,-64.3,13,303,41
35.23,-101.7,13753,148.0,-62.5,3,296,59
35.23,-101.7,15729,107.0,-65.1,2,285,65
35.23,-101.7,18519,67.5,-68.1,2,295,44
35.23,-101.7,21336,42.5,-63.2,1,300,43
35.23,-101.7,23460,30.0,-63.3,1,250,39
35.23,-101.7,26245,19.0,-62.3,1,245,76
31.86,-106.7,2044,801.0,2.4,5,320,2
31.86,-106.7,2854,724.0,2.8,13,350,12
31.86,-106.7,5760,500.0,-16.3,12,310,23
31.86,-106.7,7803,378.0,-30.3,4,334,26
31.86,-106.7,10888,239.0,-55.7,10,322,30
31.86,-106.7,12363,189.0,-60.1,7,302,34
31.86,-106.7,15240,119.0,-64.2,3,295,52
31.86,-106.7,17374,83.6,-69.0,4,310,52
31.86,-106.7,19507,58.4,-67.8,4,290,42
31.86,-106.7,20587,48.8,-65.7,3,290,23
31.86,-106.7,21946,39.0,-66.6,3,290,21
31.86,-106.7,23560,30.0,-61.9,2,275,32
31.86,-106.7,25205,22.9,-63.9,2,266,52
31.86,-106.7,27520,15.7,-63.9,2,254,66
31.86,-106.7,29947,10.6,-57.9,2,245,77
31.86,-106.7,31699,8.1,-49.7,2,235,72
35.04,-106.62,1619,844.0,4.2,17,225,4
35.04,-106.62,3021,708.0,0.2,31,320,28
35.04,-106.62,4572,581.6,-7.6,15,330,23
35.04,-106.62,7370,400.0,-28.9,10,330,41
35.04,-106.62,10348,258.0,-52.9,8,326,62
35.04,-106.62,11776,206.0,-60.5,12,313,49
35.04,-106.62,14021,143.3,-62.9,1,310,41
35.04,-106.62,15850,106.5,-66.2,1,310,37
35.04,-106.62,18569,67.7,-69.1,1,310,57
35.04,-106.62,20410,50.0,-65.9,1,290,28
35.04,-106.62,22066,38.0,-64.3,1,280,46
35.04,-106.62,25850,20.3,-64.9,1,270,58
35.04,-106.62,27796,14.7,-68.5,1,263,60
35.04,-106.62,29825,10.6,-59.1,1,255,59
35.23,-111.82,2192,788.0,4.2,26,150,8
35.23,-111.82,3471,672.0,1.0,19,0,17
35.23,-111.82,5770,500.0,-15.1,6,350,19
35.23,-111.82,7620,388.8,-28.8,5,300,33
35.23,-111.82,9487,297.0,-45.1,51,315,41
35.23,-111.82,11582,214.3,-61.5,32,325,38
35.23,-111.82,13106,167.6,-60.0,5,315,64
35.23,-111.82,14935,125.1,-61.3,2,315,68
35.23,-111.82,16991,89.3,-68.9,3,307,54
35.23,-111.82,19212,61.5,-66.7,3,307,37
35.23,-111.82,21570,41.6,-65.7,2,311,32
35.23,-111.82,25671,21.1,-63.7,2,291,45
35.23,-111.82,28042,14.3,-62.6,2,310,40
35.23,-111.82,30480,9.7,-52.1,1,335,67
35.23,-111.82,32614,7.0,-43.1,1,355,106
36.05,-115.18,1219,886.5,8.0,15,10,4
36.05,-115.18,2143,792.0,8.2,17,44,10
36.05,-115.18,3861,641.0,-1.9,15,338,11
36.05,-115.18,6508,454.0,-21.3,5,292,16
36.05,-115.18,8336,352.0,-34.9,35,287,33
36.05,-115.18,10973,236.9,-56.2,33,300,27
36.05,-115.18,12514,185.0,-59.1,13,304,55
36.05,-115.18,13546,157.0,-60.1,1,310,67
36.05,-115.18,15913,107.0,-68.5,1,305,62
36.05,-115.18,18460,70.0,-68.1,1,330,32
36.05,-115.18,20422,50.4,-66.1,1,310,30
36.05,-115.18,21641,41.2,-66.5,1,330,24
36.05,-115.18,24443,25.9,-68.9,1,315,38
37.93,-75.47,914,897.8,-5.1,56,310,29
37.93,-75.47,2144,766.0,-13.1,93,245,49
37.93,-75.47,3048,681.6,-4.0,1,220,99
37.93,-75.47,5460,500.0,-12.9,1,225,134
37.93,-75.47,7624,373.0,-28.9,56,225,137
37.93,-75.47,10380,250.0,-48.7,23,235,172
37.93,-75.47,14223,136.0,-59.1,5,237,129
37.93,-75.47,17511,79.6,-64.9,7,239,83
37.93,-75.47,21031,45.1,-60.7,3,240,50
37.93,-75.47,25206,23.3,-56.1,1,230,75
37.93,-75.47,29261,12.5,-48.6,1,230,77
38.98,-77.46,1219,863.9,-12.8,59,250,32
38.98,-77.46,2483,730.0,-20.7,59,259,45
38.98,-77.46,3658,622.0,-24.8,14,225,60
38.98,-77.46,4682,541.0,-20.1,1,232,120
38.98,-77.46,6640,415.0,-23.7,1,220,173
38.98,-77.46,9374,282.0,-42.5,14,230,200
38.98,-77.46,11278,210.7,-54.2,1,230,157
38.98,-77.46,12804,166.0,-55.3,1,233,142
38.98,-77.46,14504,127.0,-59.1,1,240,129
38.98,-77.46,15948,101.0,-59.3,1,240,85
38.98,-77.46,18195,70.4,-61.9,1,230,66
38.98,-77.46,19960,53.1,-56.9,1,247,64
38.98,-77.46,21641,40.6,-61.2,1,235,72
38.98,-77.46,23774,29.0,-56.9,1,230,68
39.41,-83.81,924,907.0,-26.9,71,260,25
39.41,-83.81,1829,798.8,-29.8,61,280,38
39.41,-83.81,2743,702.9,-29.0,38,285,43
39.41,-83.81,4877,519.3,-35.4,48,275,56
39.41,-83.81,6660,400.0,-42.1,8,260,66
39.41,-83.81,8107,323.0,-40.7,1,250,88
39.41,-83.81,9877,249.0,-43.3,1,245,97
39.41,-83.81,12014,181.0,-46.5,1,242,93
39.41,-83.81,13933,135.0,-50.9,1,247,95
39.41,-83.81,16154,95.5,-54.9,1,240,68
39.41,-83.81,18288,68.2,-58.1,1,250,68
39.41,-83.81,20250,50.0,-55.3,1,240,49
39.41,-83.81,23440,30.0,-60.5,1,235,67
39.41,-83.81,25916,20.3,-59.3,1,230,90
39.41,-83.81,28268,14.0,-59.1,1,234,114
37.23,-93.38,387,985.0,-17.5,54,280,7
37.23,-93.38,1479,850.0,-25.1,69,310,33
37.23,-93.38,2431,747.0,-18.1,3,320,45
37.23,-93.38,3658,633.7,-19.4,13,305,56
37.23,-93.38,6096,452.1,-31.8,8,310,87
37.23,-93.38,8900,300.0,-45.5,3,310,93
37.23,-93.38,10363,240.2,-48.1,2,295,84
37.23,-93.38,11582,199.3,-50.7,1,285,88
37.23,-93.38,14138,134.0,-57.5,1,283,86
37.23,-93.38,15970,100.0,-59.9,1,280,70
37.23,-93.38,19276,58.6,-64.9,1,277,57
37.23,-93.38,21336,42.0,-59.3,1,260,55
37.23,-93.38,23910,27.8,-62.9,1,243,60
37.23,-93.38,25950,20.0,-60.3,1,230,88
37.23,-93.38,29761,10.9,-57.5,1,229,134
37.23,-93.38,32380,7.3,-48.5,1,229,169
37.23,-93.38,33833,5.9,-45.9,1,225,170
37.76,-99.97,1534,850.0,-9.1,31,280,25
37.76,-99.97,2743,725.6,-13.5,44,335,60
37.76,-99.97,3619,647.0,-10.9,56,340,64
37.76,-99.97,5580,500.0,-17.9,14,325,69
37.76,-99.97,8105,352.0,-36.5,16,320,74
37.76,-99.97,11278,216.6,-60.5,15,300,93
37.76,-99.97,12802,169.1,-63.8,8,300,74
37.76,-99.97,13716,146.1,-60.4,1,290,60
37.76,-99.97,15521,109.0,-63.9,1,300,62
37.76,-99.97,18288,69.3,-64.6,1,295,55
37.76,-99.97,21544,40.6,-64.5,1,275,48
37.76,-99.97,23390,30.0,-63.5,1,260,51
37.76,-99.97,25870,20.0,-65.5,1,260,75
37.76,-99.97,29261,11.5,-62.0,1,245,105
39.07,-95.62,270,1000.0,-13.7,51,285,2
39.07,-95.62,1477,850.0,-23.5,70,305,30
39.07,-95.62,2438,746.2,-18.6,22,320,41
39.07,-95.62,4267,582.7,-24.4,8,315,60
39.07,-95.62,5380,500.0,-25.5,23,330,93
39.07,-95.62,6970,400.0,-36.3,28,335,116
39.07,-95.62,8910,300.0,-48.5,3,335,114
39.07,-95.62,10668,228.5,-52.4,1,325,92
39.07,-95.62,12243,179.0,-54.9,1,298,90
39.07,-95.62,14323,129.0,-57.7,1,297,71
39.07,-95.62,16745,87.6,-61.5,1,286,52
39.07,-95.62,18288,68.2,-64.3,1,285,64
39.07,-95.62,21336,41.6,-62.0,1,265,50
39.07,-95.62,23360,30.0,-61.1,1,245,57
39.07,-95.62,25298,21.9,-63.0,1,245,88
39.07,-95.62,28157,13.7,-64.3,1,230,120
39.77,-104.87,1819,819.0,-8.5,62,338,3
39.77,-104.87,2612,741.0,-2.1,33,299,19
39.77,-104.87,4267,599.3,-10.1,55,345,57
39.77,-104.87,7010,414.0,-28.3,20,325,55
39.77,-104.87,9250,300.0,-44.7,15,325,51
39.77,-104.87,12497,179.0,-68.1,23,330,60
39.77,-104.87,13370,155.0,-65.3,8,318,59
39.77,-104.87,14786,123.0,-64.1,2,315,65
39.77,-104.87,17032,85.2,-65.9,1,310,65
39.77,-104.87,18433,67.7,-67.1,1,292,41
39.77,-104.87,21718,39.1,-72.7,1,303,47
39.77,-104.87,23300,30.0,-67.1,1,275,68
39.77,-104.87,25484,20.9,-67.5,1,280,79
39.77,-104.87,27432,15.1,-69.7,1,275,59
39.77,-104.87,30175,9.6,-60.3,1,260,50
39.11,-108.53,2134,793.7,-5.3,23,170,9
39.11,-108.53,2767,732.0,-6.9,32,320,12
39.11,-108.53,4267,603.9,-9.2,48,345,33
39.11,-108.53,6129,472.0,-21.1,20,315,37
39.11,-108.53,8655,331.0,-40.1,33,325,61
39.11,-108.53,9499,292.0,-47.3,44,326,58
39.11,-108.53,12096,194.0,-65.5,20,315,46
39.11,-108.53,13237,161.0,-64.5,9,320,48
39.11,-108.53,15617,109.0,-65.7,3,313,58
39.11,-108.53,18288,70.0,-65.7,2,305,49
39.11,-108.53,20453,49.0,-66.5,1,314,41
39.11,-108.53,23312,30.3,-73.7,2,300,57
39.11,-108.53,25780,20.0,-70.7,1,290,63
39.11,-108.53,27432,15.2,-63.7,1,295,30
39.11,-108.53,30483,9.2,-60.3,1,310,66
39.56,-119.8,1988,806.0,3.2,23,180,4
39.56,-119.8,2743,734.7,4.1,7,220,18
39.56,-119.8,4267,606.9,-6.1,14,235,23
39.56,-119.8,5413,523.0,-15.3,32,234,21
39.56,-119.8,6706,439.1,-24.3,80,260,39
39.56,-119.8,9144,310.2,-42.6,58,235,35
39.56,-119.8,11223,225.0,-61.1,39,235,43
39.56,-119.8,12119,195.0,-58.7,3,269,49
39.56,-119.8,13613,154.0,-56.7,1,285,65
39.56,-119.8,15545,113.0,-62.9,1,295,47
39.56,-119.8,18288,71.7,-69.0,1,320,34
39.56,-119.8,21336,43.2,-68.0,1,330,39
39.56,-119.8,23883,28.4,-64.3,1,332,50
39.56,-119.8,27174,16.7,-53.7,1,352,97
39.56,-119.8,30251,10.4,-48.7,1,0,126
39.56,-119.8,32614,7.3,-41.2,1,0,135
37.73,-122.21,610,950.7,15.9,27,165,9
37.73,-122.21,1649,840.0,10.2,2,215,15
37.73,-122.21,2816,729.0,4.6,26,264,12
37.73,-122.21,4251,609.0,-6.5,69,256,14
37.73,-122.21,4877,561.7,-11.7,87,260,23
37.73,-122.21,6096,478.1,-18.1,64,265,41
37.73,-122.21,7400,400.0,-27.7,38,265,51
37.73,-122.21,9179,310.0,-42.5,26,281,57
37.73,-122.21,10782,243.0,-55.5,36,289,92
37.73,-122.21,11956,202.0,-52.5,1,283,70
37.73,-122.21,13363,162.0,-56.1,1,283,98
37.73,-122.21,15240,119.8,-64.6,1,270,62
37.73,-122.21,17652,80.3,-71.3,1,300,36
37.73,-122.21,19251,61.5,-64.7,1,312,23
37.73,-122.21,21336,43.6,-66.5,1,330,28
37.73,-122.21,24384,26.4,-62.0,1,330,41
37.73,-122.21,27432,16.2,-53.5,1,5,97
37.73,-122.21,30456,10.2,-42.1,1,5,104
40.87,-72.86,445,946.0,-0.5,64,297,27
40.87,-72.86,1524,824.6,-9.8,91,260,25
40.87,-72.86,2189,757.0,-8.5,29,234,53
40.87,-72.86,3154,669.0,-6.7,19,215,107
40.87,-72.86,4397,570.0,-10.1,9,215,126
40.87,-72.86,6600,425.0,-23.5,5,218,145
40.87,-72.86,7280,387.0,-27.1,7,220,150
40.87,-72.86,8187,341.0,-31.9,29,222,154
40.87,-72.86,10300,250.0,-50.3,49,231,165
42.69,-73.83,608,927.0,-7.1,62,290,31
42.69,-73.83,1829,790.3,-15.6,65,300,27
42.69,-73.83,3420,639.0,-21.1,27,232,60
42.69,-73.83,4529,550.0,-20.9,1,220,91
42.69,-73.83,5496,483.0,-20.5,1,219,147
42.69,-73.83,7866,347.0,-33.1,1,212,180
42.69,-73.83,10080,250.0,-50.3,1,225,178
42.69,-73.83,11773,192.0,-54.1,1,223,154
42.69,-73.83,13360,150.0,-55.5,1,225,117
42.69,-73.83,15240,111.4,-60.1,1,220,82
40.53,-80.22,914,903.3,-24.8,71,255,28
40.53,-80.22,1829,795.2,-29.4,42,280,42
40.53,-80.22,2743,699.4,-29.6,28,265,47
40.53,-80.22,4877,517.6,-34.4,28,245,59
40.53,-80.22,6765,394.0,-36.7,1,230,87
40.53,-80.22,9144,278.6,-40.1,1,230,119
40.53,-80.22,12192,176.9,-49.5,1,230,120
40.53,-80.22,29407,11.8,-52.9,1,232,139
40.53,-80.22,31333,8.8,-46.1,1,232,146
42.93,-78.73,815,906.0,-18.1,87,238,45
42.93,-78.73,1776,795.0,-26.3,76,258,52
42.93,-78.73,2690,700.0,-25.5,11,240,40
42.93,-78.73,4355,555.0,-31.9,29,230,43
42.93,-78.73,6453,410.0,-43.3,20,220,67
41.31,-96.36,914,915.2,-20.2,56,290,22
41.31,-96.36,1902,800.0,-22.3,40,320,34
41.31,-96.36,2743,713.8,-20.9,25,320,42
41.31,-96.36,5032,521.0,-25.5,1,333,91
41.31,-96.36,6058,452.0,-29.5,16,335,111
41.31,-96.36,8299,327.0,-45.1,17,340,127
41.31,-96.36,10058,248.9,-57.5,20,335,118
41.13,-100.68,849,924.0,-9.1,48,230,3
41.13,-100.68,1989,797.0,-10.5,40,320,45
41.13,-100.68,2743,721.8,-14.3,75,320,58
41.13,-100.68,3431,659.0,-14.7,55,320,59
41.13,-100.68,4374,582.0,-14.9,69,335,77
41.13,-100.68,5510,500.0,-20.7,44,330,77
41.13,-100.68,8554,325.0,-42.1,20,332,90
41.13,-100.68,11010,222.0,-63.1,29,324,91
41.13,-100.68,12497,174.2,-63.4,14,325,78
41.13,-100.68,13430,150.0,-58.9,2,330,80
41.13,-100.68,14663,123.0,-61.5,2,307,73
41.13,-100.68,18130,70.0,-64.7,1,305,48
41.13,-100.68,20514,47.3,-68.5,1,293,60
41.13,-100.68,23423,29.3,-67.5,1,269,61
41.13,-100.68,25780,19.8,-70.7,1,270,73
41.13,-100.68,29262,11.1,-66.1,1,246,88
40.77,-111.95,1289,883.0,-2.7,54,325,5
40.77,-111.95,2438,763.5,-4.2,28,215,4
40.77,-111.95,2904,720.0,0.4,15,326,15
40.77,-111.95,3802,643.0,-4.7,42,331,18
40.77,-111.95,5631,506.0,-17.7,16,317,32
40.77,-111.95,8842,323.0,-41.3,33,305,41
40.77,-111.95,10403,255.0,-53.1,25,315,53
40.77,-111.95,12394,185.0,-66.1,23,302,48
40.77,-111.95,14160,139.0,-63.5,1,310,48
40.77,-111.95,16059,102.0,-65.7,2,319,53
40.77,-111.95,18085,72.9,-66.5,2,323,50
40.77,-111.95,20350,50.0,-68.1,1,320,55
40.77,-111.95,23410,30.0,-68.7,1,310,46
40.77,-111.95,26257,18.6,-65.1,1,320,57
40.77,-111.95,29221,11.5,-54.9,1,335,74
40.77,-111.95,31710,7.8,-47.5,1,350,132
40.86,-115.73,1829,824.8,0.2,29,110,2
40.86,-115.73,3004,712.0,1.8,32,241,9
40.86,-115.73,4673,576.0,-9.1,15,278,19
40.86,-115.73,7352,401.0,-29.9,74,285,30
40.86,-115.73,9754,282.8,-47.5,50,285,31
40.86,-115.73,12221,191.0,-65.1,32,278,43
40.86,-115.73,13426,157.0,-60.5,3,292,51
40.86,-115.73,15240,117.3,-62.5,1,305,57
40.86,-115.73,18853,64.6,-66.9,1,305,31
40.86,-115.73,21269,43.1,-67.7,1,319,53
40.86,-115.73,23480,29.8,-68.7,1,320,55
40.86,-115.73,27432,15.5,-60.2,1,340,85
40.86,-115.73,30480,9.6,-56.1,1,350,146
42.36,-122.86,405,976.0,6.4,57,0,0
42.36,-122.86,1164,889.0,9.4,20,110,6
42.36,-122.86,2135,790.0,5.2,3,275,13
42.36,-122.86,3658,652.8,-7.0,51,215,23
42.36,-122.86,4572,579.7,-11.7,96,225,39
42.36,-122.86,6388,455.0,-22.5,85,230,32
42.36,-122.86,7912,368.0,-34.1,75,220,30
42.36,-122.86,10973,231.4,-59.9,55,200,49
42.36,-122.86,11986,197.0,-56.3,5,251,37
42.36,-122.86,13720,150.0,-56.9,3,275,48
42.36,-122.86,16454,96.9,-62.1,3,275,38
42.36,-122.86,18593,68.2,-64.8,3,320,32
42.36,-122.86,21772,40.4,-65.3,3,334,47
42.36,-122.86,25042,23.7,-61.5,2,350,67
42.36,-122.86,29103,12.6,-52.5,1,0,117
42.7,-83.46,610,937.6,-21.5,68,265,21
42.7,-83.46,1829,791.8,-29.9,71,285,35
42.7,-83.46,3187,652.0,-39.3,79,228,10
42.7,-83.46,4233,559.0,-38.3,7,271,42
42.7,-83.46,7092,368.0,-42.9,2,255,50
42.7,-83.46,8460,300.0,-44.3,2,255,59
44.91,-84.71,446,955.0,-20.5,78,245,8
44.91,-84.71,1728,800.0,-29.9,70,299,36
44.91,-84.71,2654,702.0,-33.9,36,264,24
44.91,-84.71,3805,594.0,-42.3,69,141,6
44.91,-84.71,4877,506.9,-43.2,10,305,26
44.91,-84.71,5816,441.0,-42.9,5,313,13
44.91,-84.71,6992,370.0,-45.7,4,302,28
44.91,-84.71,8230,307.3,-46.2,2,295,28
44.91,-84.71,9573,251.0,-45.3,1,270,33
44.91,-84.71,11146,198.0,-47.5,1,259,41
44.91,-84.71,13375,141.0,-48.7,1,257,50
44.91,-84.71,15240,105.8,-53.8,1,245,62
44.5,-88.11,1009,888.0,-31.7,75,300,29
44.5,-88.11,2134,758.2,-31.6,72,315,28
44.5,-88.11,3776,600.0,-35.3,28,329,39
44.5,-88.11,4931,508.0,-38.3,43,330,56
44.5,-88.11,6096,428.4,-42.1,4,325,57
44.5,-88.11,8450,300.0,-48.1,4,315,45
44.5,-88.11,10363,224.5,-46.8,1,305,42
44.5,-88.11,12549,161.0,-49.9,1,291,44
44.5,-88.11,19202,56.9,-61.1,1,260,78
44.85,-93.56,1051,889.0,-27.9,80,315,30
44.85,-93.56,1783,803.0,-26.5,57,315,37
44.85,-93.56,2544,723.0,-25.7,29,325,43
44.85,-93.56,3073,672.0,-27.1,87,327,51
44.85,-93.56,4091,583.0,-30.3,46,334,62
44.85,-93.56,5730,462.0,-37.5,11,335,63
44.85,-93.56,8027,328.0,-48.5,2,340,96
44.85,-93.56,10367,229.0,-51.7,1,333,88
44.85,-93.56,12323,169.0,-53.3,1,321,79
44.85,-93.56,14859,114.0,-56.3,1,312,59
44.85,-93.56,17910,70.0,-60.9,1,280,61
44.85,-93.56,20422,46.5,-63.2,1,260,57
44.85,-93.56,23100,30.0,-64.3,1,250,82
44.85,-93.56,25304,20.8,-66.7,1,255,93
44.85,-93.56,27432,14.6,-69.0,1,240,95
45.45,-98.43,426,974.0,-22.5,64,281,12
45.45,-98.43,1251,870.0,-24.5,81,324,27
45.45,-98.43,2375,747.0,-19.1,37,329,40
45.45,-98.43,3962,602.2,-24.3,7,335,57
45.45,-98.43,5233,506.0,-25.7,65,340,89
45.45,-98.43,7620,360.3,-40.3,42,340,120
45.45,-98.43,10096,247.0,-59.5,30,344,122
45.45,-98.43,11827,187.0,-59.1,11,329,111
45.45,-98.43,14462,123.0,-59.5,2,322,78
45.45,-98.43,17940,70.0,-64.1,2,305,61
45.45,-98.43,19507,54.1,-66.1,2,300,69
45.45,-98.43,22158,34.9,-65.1,2,268,67
45.45,-98.43,24796,22.4,-72.1,3,270,70
45.45,-98.43,26992,15.5,-71.7,3,259,81
44.08,-103.21,1360,862.0,-10.1,37,243,6
44.08,-103.21,2141,779.0,-10.5,56,315,37
44.08,-103.21,3046,692.0,-13.7,95,320,62
44.08,-103.21,4267,589.6,-13.1,62,335,62
44.08,-103.21,6096,460.9,-24.9,52,325,74
44.08,-103.21,7609,373.0,-35.7,44,330,75
44.08,-103.21,9496,282.0,-49.9,26,328,88
44.08,-103.21,12153,184.0,-67.9,42,330,99
44.08,-103.21,12826,165.0,-60.5,6,328,75
44.08,-103.21,14326,129.5,-62.2,3,325,62
44.08,-103.21,17047,83.2,-65.3,4,315,56
44.08,-103.21,19353,56.8,-67.4,5,300,76
44.08,-103.21,21336,40.9,-68.4,5,275,32
44.08,-103.21,24084,25.6,-74.7,7,278,69
43.06,-108.48,1803,821.0,-12.7,51,289,7
43.06,-108.48,2579,744.0,0.0,17,303,33
43.06,-108.48,4107,613.0,-9.7,40,334,46
43.06,-108.48,5904,483.0,-22.3,58,332,43
43.06,-108.48,7884,366.0,-35.9,25,316,48
43.06,-108.48,10440,250.0,-54.9,47,320,54
43.06,-108.48,12588,176.0,-66.9,31,328,66
43.06,-108.48,13854,143.0,-62.3,5,314,58
43.06,-108.48,15240,114.0,-63.9,2,320,61
43.06,-108.48,18372,68.0,-71.5,3,320,46
43.06,-108.48,21643,39.1,-70.9,3,310,80
43.06,-108.48,23250,30.0,-66.7,2,295,48
43.06,-108.48,25849,19.4,-72.3,2,294,51
43.06,-108.48,27681,14.3,-60.3,1,308,61
43.06,-108.48,29870,10.1,-59.2,1,315,54
43.56,-116.21,1214,888.0,-0.1,37,134,12
43.56,-116.21,2147,790.0,0.6,25,217,11
43.56,-116.21,3269,687.0,-0.9,31,268,16
43.56,-116.21,4877,559.1,-13.2,36,265,21
43.56,-116.21,6240,466.0,-23.7,66,271,29
43.56,-116.21,9144,308.0,-43.7,61,280,37
43.56,-116.21,11740,205.0,-64.9,32,275,41
43.56,-116.21,13337,158.0,-62.3,6,288,48
43.56,-116.21,15240,116.2,-62.3,1,305,55
43.56,-116.21,18674,66.1,-68.5,1,319,39
43.56,-116.21,21336,42.3,-69.0,1,325,59
43.56,-116.21,24384,25.4,-69.5,1,330,68
43.56,-116.21,25964,19.5,-65.1,1,336,79
43.56,-116.21,30150,10.0,-50.7,1,350,152
44.91,-123.0,78,1013.0,6.0,61,18,2
44.91,-123.0,793,929.0,10.2,18,200,17
44.91,-123.0,1526,850.0,6.8,31,235,16
44.91,-123.0,2134,788.9,2.5,71,270,16
44.91,-123.0,3090,700.0,-3.9,81,235,19
44.91,-123.0,4575,578.0,-12.7,90,215,30
44.91,-123.0,7290,400.0,-30.7,74,215,21
44.91,-123.0,10325,255.0,-56.5,41,219,49
44.91,-123.0,12115,191.0,-59.9,14,247,40
44.91,-123.0,14264,136.0,-56.7,5,274,35
44.91,-123.0,15947,104.0,-62.1,4,287,33
44.91,-123.0,18898,64.0,-65.8,4,300,32
44.91,-123.0,20895,46.1,-64.3,2,313,47
44.91,-123.0,23500,30.0,-65.3,1,335,66
44.91,-123.0,26779,17.7,-52.5,1,350,123
44.91,-123.0,30460,10.0,-50.3,1,350,135
44.91,-123.0,31923,8.0,-45.3,1,351,139
46.86,-68.01,914,882.1,3.7,97,250,35
46.86,-68.01,2438,730.0,-1.7,98,205,45
46.86,-68.01,4616,553.0,-11.1,92,206,95
46.86,-68.01,5934,464.0,-21.7,88,215,106
46.86,-68.01,6660,420.0,-26.9,65,210,113
46.86,-68.01,7790,358.0,-36.1,44,216,133
46.86,-68.01,9000,300.0,-43.1,58,220,143
46.86,-68.01,10436,241.0,-54.9,47,224,142
46.86,-68.01,12868,163.0,-62.1,19,226,135
46.86,-68.01,14592,123.0,-63.3,16,228,99
46.86,-68.01,17678,74.5,-65.0,17,235,92
46.86,-68.01,19812,53.0,-59.7,17,255,77
46.86,-68.01,21882,37.9,-62.3,19,245,97
48.56,-93.4,914,900.8,-29.6,79,325,26
48.56,-93.4,1524,827.5,-24.8,77,350,27
48.56,-93.4,2743,699.0,-27.9,81,340,40
48.56,-93.4,4169,572.0,-33.5,36,350,64
48.56,-93.4,6081,434.0,-41.5,12,340,64
48.56,-93.4,8861,285.0,-52.1,5,340,99
48.56,-93.4,10466,222.0,-52.9,2,336,77
48.56,-93.4,12220,169.0,-54.1,2,330,68
48.56,-93.4,15003,109.0,-55.5,2,316,62
48.56,-93.4,18002,67.4,-64.1,2,291,54
48.56,-93.4,20695,43.3,-68.9,2,272,57
48.56,-93.4,24079,24.6,-70.6,2,260,56
48.56,-93.4,26822,15.5,-66.5,2,245,81
46.76,-100.75,821,923.0,-24.7,67,294,14
46.76,-100.75,1398,853.0,-20.1,37,320,23
46.76,-100.75,2312,755.0,-16.1,2,325,33
46.76,-100.75,3348,657.0,-20.3,4,322,48
46.76,-100.75,4410,569.0,-21.1,90,331,65
46.76,-100.75,6029,456.0,-28.5,95,330,94
46.76,-100.75,8910,300.0,-49.3,30,330,106
46.76,-100.75,10668,227.6,-61.4,29,340,127
46.76,-100.75,11914,186.0,-64.1,15,325,113
46.76,-100.75,13558,143.0,-61.1,1,331,76
46.76,-100.75,15780,100.0,-61.1,1,325,72
46.76,-100.75,20000,50.0,-69.5,1,305,74
46.76,-100.75,23050,30.0,-71.1,1,280,63
46.76,-100.75,25076,21.3,-68.9,1,279,59
46.76,-100.75,27273,14.7,-69.3,1,262,64
48.21,-106.61,914,908.8,-15.9,52,190,9
48.21,-106.61,1624,829.0,-5.7,53,295,35
48.21,-106.61,2641,728.0,-9.1,75,312,55
48.21,-106.61,3658,637.4,-11.3,98,325,63
48.21,-106.61,6096,459.7,-26.0,82,320,70
48.21,-106.61,8321,335.0,-42.3,59,320,85
48.21,-106.61,11125,217.0,-63.3,37,320,100
48.21,-106.61,12468,174.0,-64.7,28,321,89
48.21,-106.61,14304,129.0,-62.5,10,323,77
48.21,-106.61,16151,95.3,-67.9,10,321,65
48.21,-106.61,18593,63.6,-69.5,11,325,65
48.21,-106.61,22546,32.6,-75.3,12,307,65
48.21,-106.61,24770,22.3,-71.7,13,308,64
48.21,-106.61,28042,12.8,-69.3,13,320,73
47.46,-111.39,2134,783.6,3.9,9,310,37
47.46,-111.39,3658,646.9,-7.5,47,330,56
47.46,-111.39,6096,467.6,-25.2,81,315,63
47.46,-111.39,7620,377.2,-35.6,66,300,60
47.46,-111.39,9683,278.0,-50.3,61,304,65
47.46,-111.39,12192,186.5,-67.9,39,310,45
47.46,-111.39,13232,157.0,-64.5,15,305,68
47.46,-111.39,14724,123.0,-63.5,4,316,60
47.46,-111.39,16322,94.7,-61.3,3,318,66
47.46,-111.39,18593,65.1,-68.0,4,320,82
47.46,-111.39,21336,41.0,-69.8,4,320,75
47.46,-111.39,25298,21.0,-67.5,3,325,56
47.46,-111.39,27619,14.2,-64.9,2,327,96
47.68,-117.63,1219,882.7,-1.4,39,170,11
47.68,-117.63,2134,787.4,1.2,29,255,27
47.68,-117.63,3079,700.0,-0.7,40,275,20
47.68,-117.63,5270,527.0,-18.3,65,266,30
47.68,-117.63,7270,400.0,-32.3,65,275,37
47.68,-117.63,9228,301.0,-46.7,50,280,48
47.68,-117.63,11278,218.2,-63.5,33,265,39
47.68,-117.63,12385,182.0,-63.1,25,274,52
47.68,-117.63,13417,154.0,-62.5,9,295,40
47.68,-117.63,15504,110.0,-62.1,1,303,44
47.68,-117.63,18593,66.2,-68.6,2,295,53
47.68,-117.63,20422,48.7,-71.1,5,310,68
47.68,-117.63,23104,31.1,-67.5,5,327,68
47.68,-117.63,25671,20.2,-68.9,8,333,82
47.68,-117.63,28346,13.1,-58.8,3,345,131
47.95,-124.55,62,1013.0,10.0,66,145,12
47.95,-124.55,911,913.0,4.8,45,165,35
47.95,-124.55,1620,837.0,6.8,11,221,14
47.95,-124.55,2674,735.0,0.6,15,243,27
47.95,-124.55,3902,629.0,-9.7,92,246,36
47.95,-124.55,5625,501.0,-21.7,92,235,33
47.95,-124.55,7085,410.0,-30.5,17,236,34
47.95,-124.55,8738,323.0,-43.7,60,226,48
47.95,-124.55,10810,234.0,-61.9,68,230,65
47.95,-124.55,11780,200.0,-60.3,14,235,46
47.95,-124.55,13610,150.0,-56.1,1,275,30
47.95,-124.55,15799,106.0,-61.7,1,280,36
47.95,-124.55,18288,70.7,-64.2,1,300,28
47.95,-124.55,20972,45.4,-66.7,1,320,60
47.95,-124.55,23470,30.2,-60.4,1,330,82
47.95,-124.55,25582,21.6,-57.9,1,343,105
47.95,-124.55,28838,13.0,-52.3,1,350,144
47.95,-124.55,30694,9.8,-46.7,1,346,139
43.9,-70.25,150,973.0,4.6,91,248,14
43.9,-70.25,1185,856.0,0.4,96,223,34
43.9,-70.25,1967,776.0,-0.9,16,227,54
43.9,-70.25,2788,700.0,-1.9,84,215,104
43.9,-70.25,4877,535.2,-14.3,78,210,122
43.9,-70.25,7020,400.0,-28.9,16,215,139
43.9,-70.25,7865,355.0,-33.7,16,216,146
43.9,-70.25,9030,300.0,-40.3,33,220,159
43.9,-70.25,10621,236.0,-54.3,79,229,168
43.9,-70.25,12486,175.0,-62.1,19,221,144
43.9,-70.25,13821,141.0,-62.9,4,230,117
43.9,-70.25,15240,112.0,-61.9,3,230,108
43.9,-70.25,17593,76.7,-58.3,3,239,71
43.9,-70.25,20422,48.7,-63.1,2,245,58
43.9,-70.25,23165,31.4,-59.9,2,250,69
43.9,-70.25,24994,23.5,-55.7,3,240,101
43.9,-70.25,26857,17.5,-55.3,2,237,112
43.9,-70.25,28492,13.6,-44.9,2,239,139
41.61,-90.58,913,909.0,-28.5,74,280,36
41.61,-90.58,2134,766.9,-27.3,47,305,40
41.61,-90.58,2923,687.0,-29.3,64,312,43
41.61,-90.58,4442,555.0,-29.7,16,320,62
41.61,-90.58,7657,346.0,-49.9,9,320,60
41.61,-90.58,10116,238.0,-46.7,1,307,62
41.61,-90.58,13150,150.0,-51.5,1,290,70
41.61,-90.58,16829,84.5,-54.9,1,279,61
41.61,-90.58,19202,57.9,-59.7,1,270,71
41.61,-90.58,21336,41.1,-61.1,1,250,75
41.61,-90.58,24636,24.2,-60.3,1,237,92
41.61,-90.58,27127,16.1,-66.3,1,235,110
41.61,-90.58,29643,10.7,-56.3,1,233,160
41.66,-69.96,90,985.0,6.0,100,255,14
41.66,-69.96,1254,854.0,4.2,100,238,52
41.66,-69.96,2438,738.3,2.8,99,215,83
41.66,-69.96,3962,610.1,-4.9,97,205,97
41.66,-69.96,6385,445.0,-19.9,86,218,110
41.66,-69.96,7361,389.0,-26.3,68,225,117
41.66,-69.96,10420,250.0,-49.7,44,230,141
41.66,-69.96,13113,162.0,-67.3,42,230,145
41.66,-69.96,14799,123.0,-65.9,37,240,113
41.66,-69.96,16334,95.6,-65.7,37,231,95
41.66,-69.96,18240,70.0,-62.5,33,235,71
41.66,-69.96,20080,52.1,-57.1,27,240,58
40.15,-89.33,914,910.7,-27.4,69,275,32
40.15,-89.33,2324,749.0,-27.1,51,298,39
40.15,-89.33,3529,633.0,-30.9,37,305,53
40.15,-89.33,4442,557.0,-29.5,46,311,62
40.15,-89.33,6740,400.0,-44.3,6,305,59
40.15,-89.33,9082,280.0,-48.3,1,295,63
23.2,-106.42,766,927.0,20.2,50,225,4
23.2,-106.42,1488,852.0,16.1,63,145,11
23.2,-106.42,3268,688.0,4.0,48,205,11
23.2,-106.42,5456,521.0,-11.5,48,245,30
23.2,-106.42,8215,358.0,-30.5,11,243,61
23.2,-106.42,10700,250.0,-41.9,3,250,77
23.2,-106.42,13661,159.0,-56.1,3,260,66
23.2,-106.42,16130,106.0,-72.5,5,285,51
23.2,-106.42,17086,90.0,-75.3,6,280,41
23.2,-106.42,17998,76.9,-75.1,7,297,39
22.75,-102.5,2265,779.0,10.4,75,0,0
22.75,-102.5,3137,700.0,4.8,60,210,19
22.75,-102.5,5048,550.0,-9.6,81,265,30
22.75,-102.5,5887,493.0,-12.4,88,235,60
22.75,-102.5,8994,323.0,-33.5,40,230,80
22.75,-102.5,10750,250.0,-42.9,20,235,89
22.75,-102.5,13989,151.0,-62.7,16,259,74
22.75,-102.5,15377,120.0,-68.9,16,270,66
22.75,-102.5,17645,81.5,-71.9,21,270,41
22.75,-102.5,18909,65.6,-71.3,18,274,30
22.75,-102.5,21158,45.0,-64.7,14,255,29
22.75,-102.5,22636,35.4,-63.3,10,246,21
22.75,-102.5,24816,25.0,-55.7,9,245,35
22.75,-102.5,26916,18.0,-53.7,4,230,30
22.75,-102.5,29895,11.3,-53.1,2,215,48
20.67,-103.38,1673,835.0,17.4,53,40,3
20.67,-103.38,3144,700.0,0.4,64,168,13
20.67,-103.38,6875,424.0,-17.3,86,230,56
20.67,-103.38,8773,327.0,-30.9,38,230,67
20.67,-103.38,10397,259.0,-40.3,32,230,76
20.67,-103.38,11678,214.0,-48.3,24,245,74
19.05,-104.32,277,981.0,24.6,65,310,3
19.05,-104.32,1401,862.0,19.6,38,135,8
19.05,-104.32,3153,700.0,6.6,39,205,12
19.05,-104.32,4668,580.0,-4.3,90,238,20
19.05,-104.32,6080,484.0,-10.1,57,231,46
19.05,-104.32,8134,368.0,-24.5,29,235,67
19.05,-104.32,9922,286.0,-35.3,8,230,81
19.05,-104.32,12482,195.0,-53.7,8,254,61
19.05,-104.32,14898,132.0,-67.5,9,275,45
19.05,-104.32,16980,92.4,-80.5,18,290,45
19.05,-104.32,18248,74.0,-75.8,15,255,36
19.05,-104.32,19475,60.0,-70.3,7,240,11
19.05,-104.32,20681,49.0,-68.6,6,250,18
19.05,-104.32,22060,39.0,-62.3,4,250,18
19.05,-104.32,24123,28.0,-58.3,1,235,28
19.05,-104.32,25938,21.0,-54.7,1,265,23
19.05,-104.32,29026,13.0,-52.4,1,180,19
19.4,-99.2,4902,564.0,-3.3,5,212,23
19.4,-99.2,6298,472.0,-9.9,62,236,36
19.4,-99.2,10159,278.0,-38.9,21,220,63
19.4,-99.2,14130,150.0,-66.1,8,245,43
19.4,-99.2,18580,70.0,-77.3,9,285,28
19.4,-99.2,23556,30.7,-60.3,1,240,19
18.43,-65.99,305,981.5,23.9,82,105,24
18.43,-65.99,1569,848.0,17.2,79,111,29
18.43,-65.99,2465,763.0,13.0,47,104,24
18.43,-65.99,3328,688.0,8.4,53,90,19
18.43,-65.99,4285,612.0,2.4,44,115,30
18.43,-65.99,5900,500.0,-3.9,2,110,19
18.43,-65.99,8230,368.0,-24.0,9,80,11
18.43,-65.99,11000,247.0,-47.7,11,321,7
18.43,-65.99,13411,169.5,-58.8,5,270,39
18.43,-65.99,15826,114.0,-71.5,5,264,17
18.43,-65.99,18008,77.9,-79.9,10,328,2
18.43,-65.99,19156,63.6,-75.7,14,103,13
18.43,-65.99,20594,49.8,-68.7,4,67,19
18.43,-65.99,22660,35.5,-60.3,1,109,13
18.43,-65.99,24689,25.7,-56.6,1,70,17
18.43,-65.99,27737,15.9,-52.2,1,60,17
18.43,-65.99,30175,10.9,-47.5,1,100,38
18.43,-65.99,32004,8.3,-42.4,1,95,62
8.98,-79.58,2546,751.0,13.8,58,30,9
8.98,-79.58,5418,528.0,-4.9,95,79,7
8.98,-79.58,8991,330.0,-24.1,36,341,13
19.72,-155.05,12,1014.0,24.2,54,345,15
19.72,-155.05,1094,893.0,12.2,88,359,22
19.72,-155.05,2299,772.0,4.4,73,350,27
19.72,-155.05,2612,743.0,4.4,38,334,23
19.72,-155.05,3095,700.0,2.6,25,335,19
19.72,-155.05,4386,595.0,-6.1,19,350,25
19.72,-155.05,6706,437.7,-23.4,10,0,45
19.72,-155.05,8461,343.0,-30.1,8,315,44
19.72,-155.05,9468,298.0,-27.5,8,287,44
19.72,-155.05,12220,200.0,-47.9,9,280,64
19.72,-155.05,15303,122.0,-68.9,22,306,65
19.72,-155.05,17374,85.9,-77.9,24,275,8
19.72,-155.05,18593,69.5,-72.5,21,305,1
19.72,-155.05,20726,48.5,-69.4,18,80,12
19.72,-155.05,22555,36.0,-61.7,15,35,22
19.72,-155.05,24145,27.9,-56.9,12,77,25
19.72,-155.05,26518,19.2,-53.5,8,105,32
19.72,-155.05,28689,13.8,-47.9,5,89,30
19.72,-155.05,30840,10.0,-44.5,7,85,49
2.83,-60.7,1320,868.0,19.9,76,60,18
2.83,-60.7,3868,641.0,5.6,70,24,19
2.83,-60.7,5860,500.0,-5.3,58,245,20
2.83,-60.7,6816,442.0,-10.5,18,270,13
2.83,-60.7,8904,335.0,-24.5,15,283,24
2.83,-60.7,10970,250.0,-41.1,26,230,36
2.83,-60.7,13875,159.0,-64.4,26,290,31
2.83,-60.7,16590,100.0,-83.5,35,200,19
2.83,-60.7,17617,83.0,-81.6,33,85,12
2.83,-60.7,18675,69.0,-72.4,22,320,21
2.83,-60.7,20458,51.1,-65.3,3,282,38
2.83,-60.7,23497,31.0,-63.7,1,295,22
21.99,-159.34,610,947.1,16.5,70,50,14
21.99,-159.34,1707,831.0,8.8,66,51,13
21.99,-159.34,2074,795.0,9.0,40,31,17
21.99,-159.34,2743,733.0,7.4,20,30,21
21.99,-159.34,4877,562.1,-6.6,17,340,28
21.99,-159.34,7620,390.1,-27.4,20,10,57
21.99,-159.34,9810,285.0,-35.9,18,347,73
21.99,-159.34,12230,200.0,-47.9,16,330,60
21.99,-159.34,14856,132.0,-65.9,24,331,42
21.99,-159.34,17724,80.7,-73.1,24,351,23
21.99,-159.34,19202,62.6,-74.0,27,20,14
21.99,-159.34,20662,49.0,-65.5,24,77,18
21.99,-159.34,22378,37.0,-63.5,21,80,19
21.99,-159.34,25135,23.9,-55.9,16,97,34
21.99,-159.34,28412,14.4,-48.1,14,96,39
21.99,-159.34,31103,9.6,-45.3,13,90,64
19.72,-155.05,305,979.7,19.2,63,355,19
19.72,-155.05,1815,819.0,7.6,77,355,24
19.72,-155.05,2416,761.0,5.0,45,346,27
19.72,-155.05,2743,731.1,3.7,48,325,20
19.72,-155.05,3579,659.0,-0.3,13,339,22
19.72,-155.05,5038,547.0,-10.5,10,349,26
19.72,-155.05,7360,400.0,-26.7,8,345,39
19.72,-155.05,8846,325.0,-28.9,8,295,58
19.72,-155.05,10363,262.6,-33.3,7,275,41
19.72,-155.05,14785,133.0,-67.9,19,300,71
19.72,-155.05,15658,115.0,-67.1,20,317,61
19.72,-155.05,17983,77.2,-78.8,24,310,35
19.72,-155.05,19375,60.9,-69.3,19,346,8
19.72,-155.05,21306,44.1,-62.9,16,101,11
19.72,-155.05,23470,31.1,-59.5,13,65,24
19.72,-155.05,24994,24.4,-54.7,9,100,27
19.72,-155.05,27675,16.1,-51.1,6,92,32
19.72,-155.05,29566,12.1,-45.7,7,60,38
19.72,-155.05,31773,8.7,-42.7,7,99,45
