,Elevation,Latent Variable 1,Latent Variable 2,Latent Variable 3
0,121.0,3.582201,1.877645,3.987336
1,700.0,1.934389,2.018931,4.589872
2,446.0,0.0,4.874904,1.796903
3,446.0,2.608736,2.470385,2.138032
4,405.0,0.963848,3.614119,8.256595
5,387.0,2.217783,3.748454,3.631761
6,1608.0,0.34845,2.236575,6.453195
7,3.0,3.460662,7.064243,1.639979
9,173.0,2.447886,2.146195,7.345197
10,91.0,5.616527,5.527512,2.676631
11,790.0,1.553888,0.862298,1.424962
13,189.0,1.208432,3.502676,5.105246
14,700.0,1.200319,5.432223,4.670867
15,1134.0,1.889264,0.491027,3.42639
17,1619.0,0.0,1.565866,3.631551
18,5.0,5.381942,2.074604,0.414166
19,317.0,4.562226,5.501581,3.576164
20,1608.0,2.36711,0.0,1.350078
21,16.0,3.728498,4.802585,1.580158
22,1252.0,7.494039,6.370138,2.50667
23,506.0,0.0,1.838421,2.315033
25,872.0,2.392442,0.180725,3.545208
26,359.0,4.052882,2.858455,2.685469
27,9.0,4.78185,2.045724,0.53801
28,178.0,3.474546,1.402333,4.679258
29,317.0,8.076782,6.867673,4.085641
30,7.0,1.515662,4.031807,2.714191
31,171.0,4.062226,0.934224,2.953998
32,387.0,3.931431,3.432892,2.97755
33,874.0,3.389904,3.836869,4.742042
34,60.0,2.039979,6.375005,3.753144
35,345.0,3.651625,1.760955,0.943571
36,9.0,2.059257,4.847582,5.903367
37,751.0,2.216164,0.683506,1.894892
38,9.0,5.223604,3.185588,3.3629
39,345.0,2.474406,0.972264,4.606241
40,121.0,8.91322,6.661579,5.159484
41,1619.0,2.497844,0.877389,3.493498
42,270.0,0.83446,2.143358,0.497923
43,313.0,2.894744,2.366937,3.210863
44,5.0,4.679766,6.299041,3.326391
45,91.0,6.296388,2.258493,3.175691
46,178.0,4.348098,3.878798,5.647782
47,62.0,3.345201,3.537824,1.605639
48,849.0,0.143,2.395461,1.895426
49,697.0,2.876731,1.917327,5.035392
50,62.0,4.591232,2.097245,3.611923
51,9.0,0.567098,1.757258,2.880281
52,345.0,3.295798,7.191437,0.741861
53,1475.0,1.059842,4.07842,8.206648
54,1625.0,0.293004,5.760354,3.303092
55,329.0,2.065499,1.941088,3.72286
57,329.0,1.631269,2.309368,8.214912
58,313.0,1.953631,1.841823,1.902624
59,9.0,1.559523,1.170983,1.37602
60,60.0,1.453038,1.807479,3.297588
61,1289.0,0.0,2.566566,3.351554
62,121.0,1.981278,1.875711,2.314364
63,506.0,2.352047,1.500433,3.22805
64,287.0,0.660084,6.098981,7.728231
65,11.0,2.974473,5.371772,6.67259
67,350.0,1.042209,2.969988,3.155871
68,287.0,0.968031,2.566223,2.821493
69,874.0,2.380431,3.411763,2.09869
70,178.0,4.280747,3.943102,3.348052
71,446.0,1.022267,0.025117,1.392827
72,1619.0,2.152251,4.393989,2.528264
73,1619.0,2.688838,3.476144,3.771908
74,229.0,8.31552,5.145287,0.055519
77,270.0,4.69522,2.824625,4.239054
78,872.0,5.220382,7.08828,2.438078
79,93.0,3.316131,2.399288,3.929461
80,1619.0,5.084035,5.112678,1.262759
81,387.0,1.429543,0.305571,3.884554
82,313.0,3.779899,1.974918,5.216167
83,215.0,4.342561,4.834045,3.402566
84,229.0,3.544129,3.478833,4.484248
85,697.0,4.376347,1.243264,4.560956
86,79.0,4.663903,4.093286,5.337253
87,350.0,3.371607,2.109513,3.139071
88,506.0,0.08895,4.769832,6.878072
89,700.0,2.955175,2.334548,3.993898
90,178.0,4.298952,6.26236,4.147367
91,506.0,0.0,1.16699,3.286434
92,1516.0,2.797217,0.668253,2.856475
93,93.0,5.044441,4.759043,6.161753
94,287.0,2.992399,3.095701,5.156618
95,313.0,2.347733,2.08843,1.979786
96,359.0,4.034798,3.549162,2.036021
97,728.0,2.752934,3.524388,5.3708
98,751.0,1.635059,1.908607,3.04978
99,396.0,1.981106,2.362613,3.098918
100,751.0,2.502826,0.211032,4.061339
101,91.0,2.911513,0.19851,1.93104
102,5.0,4.238592,4.759556,2.975295
103,317.0,1.799082,2.475261,2.114803
104,60.0,4.571641,4.051848,6.624932
105,1099.0,0.985163,3.131469,2.633776
108,10.0,4.111104,3.589284,4.482844
109,13.0,7.192467,7.485587,1.526902
110,1611.0,1.535439,1.829928,3.47415
111,317.0,1.785723,2.695323,2.738924
112,5.0,1.417459,3.670623,0.0
113,270.0,1.751926,3.368823,6.001299
114,11.0,2.315176,2.53758,2.179874
115,15.0,3.891823,3.122711,5.16195
116,173.0,2.042454,3.230324,1.985685
117,178.0,1.694093,3.655921,2.261749
118,1475.0,3.661731,2.609459,4.903852
119,178.0,2.078355,0.113339,3.02941
121,313.0,4.689264,1.92885,3.984937
122,1611.0,2.24669,2.205973,1.509931
123,60.0,0.453568,4.734915,4.22641
124,171.0,1.585413,3.427293,2.774813
125,12.0,3.676381,7.026541,0.375556
126,751.0,8.583838,7.283509,3.68281
127,91.0,3.253367,3.877348,4.815846
128,1099.0,1.495437,0.0,0.865258
129,173.0,4.950844,7.835036,0.668012
130,317.0,3.698336,2.344707,3.883908
131,317.0,3.721969,2.855855,3.87778
132,396.0,0.0,1.241538,4.596431
133,790.0,1.15636,6.174154,5.780414
134,874.0,0.0,1.849608,3.565305
135,405.0,0.279489,6.126853,4.809108
136,190.0,0.506756,1.691462,5.861097
138,1608.0,0.448421,2.596798,2.796659
139,214.0,1.854108,3.990819,1.6271
140,329.0,0.538875,3.648002,3.301249
141,5.0,5.935023,4.739454,3.632519
142,1029.0,0.93979,4.316063,6.537137
143,396.0,0.024279,3.905011,4.445919
144,178.0,4.046584,2.714766,2.668808
145,9.0,7.635702,7.460898,4.309493
146,1475.0,0.758496,0.075173,3.501665
147,11.0,2.817097,6.613358,1.21198
148,1619.0,3.128538,3.550393,4.827649
149,171.0,5.221938,2.32995,3.887336
150,790.0,0.014329,1.571935,1.656756
151,37.0,5.241888,1.900673,4.112029
152,506.0,0.521663,3.548009,7.761515
154,697.0,3.877474,1.81604,4.641994
155,180.0,4.684728,6.405043,3.176299
156,654.0,5.671241,3.214638,4.024431
157,10.0,3.759469,5.034539,4.496802
158,9.0,2.2591,0.34291,1.33439
159,5.0,7.607195,5.337072,2.116296
160,396.0,3.024762,1.297369,3.991777
161,790.0,2.146014,0.874313,3.014127
162,1289.0,2.028223,2.557869,4.799905
163,91.0,2.141565,1.335526,3.535678
164,700.0,0.0,4.785795,3.53694
166,506.0,0.48111,2.531555,2.724096
167,1608.0,0.83903,0.014508,1.280494
168,15.0,2.592331,1.532961,2.427776
169,137.0,3.529619,1.769113,3.733672
170,317.0,0.929394,1.393948,0.207391
171,12.0,3.069947,3.348013,3.305021
172,728.0,3.539796,1.71493,2.599518
173,10.0,3.831994,4.392284,5.709424
175,5.0,1.728244,1.433704,2.834452
176,345.0,0.665283,4.984929,3.235942
177,10.0,2.75051,2.381242,0.960467
178,245.0,1.802016,1.298962,4.11137
179,9.0,0.468776,0.0,1.768968
180,15.0,5.827966,6.688427,2.575438
181,178.0,2.525367,3.447221,3.990765
182,125.0,2.285131,2.699252,4.918273
183,12.0,1.772996,0.468855,1.426815
184,5.0,4.7357,1.551413,3.688792
185,697.0,3.527792,0.532512,5.182129
186,178.0,3.104029,3.092361,2.088248
187,37.0,7.42591,7.034638,4.121258
188,121.0,0.217157,0.716167,1.2183
189,317.0,8.547306,7.136924,4.208871
190,173.0,4.537768,3.081679,4.572576
191,751.0,3.052449,3.849945,8.474133
192,1516.0,5.160433,3.003172,5.491712
193,446.0,3.975323,2.155423,2.752398
194,1289.0,0.8234,3.393011,2.970995
196,9.0,1.41104,1.579563,0.49229
198,350.0,0.305909,2.428814,3.14194
199,270.0,0.0,2.350987,2.727953
200,1608.0,0.289166,0.0,1.365341
201,345.0,2.492966,1.657175,2.988632
202,178.0,5.06991,7.299868,5.268555
203,5.0,1.63585,4.595081,1.030243
204,173.0,4.701798,4.246699,2.717551
205,171.0,3.282924,2.187359,4.871991
206,178.0,2.254404,2.25236,4.032965
208,317.0,0.924845,0.473304,0.947347
209,121.0,2.93684,1.117755,2.481545
210,751.0,4.564461,4.839101,3.562352
211,10.0,4.070168,4.08427,6.709704
212,405.0,4.166208,2.674789,4.116668
213,697.0,5.033738,3.359345,7.203509
214,245.0,4.275536,3.421507,0.0
215,506.0,0.782944,1.16807,1.211285
216,1289.0,1.601098,1.737693,2.119658
217,5.0,2.05315,2.62544,5.473285
219,11.0,6.651495,7.214558,3.560973
220,359.0,2.309803,4.892983,4.461052
221,387.0,3.031355,0.329967,1.502877
222,405.0,2.431278,0.0,2.53759
223,12.0,6.330942,7.23793,3.617738
225,1475.0,2.30626,0.540325,3.484023
226,874.0,3.672349,2.168096,4.301366
227,62.0,1.673871,4.44572,2.683617
228,171.0,7.24586,5.040446,5.57852
229,405.0,3.531273,1.281411,3.003061
230,874.0,0.0,2.936269,2.55154
231,173.0,1.294796,0.318414,2.139605
232,1099.0,1.464313,1.09295,1.88506
234,506.0,0.877429,1.793201,0.932739
235,1289.0,1.759806,2.278605,2.784087
236,405.0,0.0,2.097906,1.927443
237,7.0,2.289282,1.766079,0.937426
238,16.0,0.84793,1.274132,0.361379
239,1134.0,0.011588,1.17463,2.239051
240,125.0,4.957407,2.837984,5.179141
241,53.0,1.290412,3.063792,0.715837
242,874.0,0.0,5.284029,3.508256
243,387.0,1.784101,2.27371,3.320761
244,1608.0,0.784904,1.801318,1.926396
245,16.0,4.80195,3.753088,5.912812
246,849.0,2.12723,2.282835,0.590927
247,357.0,1.506432,2.770795,2.405224
248,329.0,1.050088,1.521836,5.693007
249,790.0,0.957969,2.612778,5.163576
250,506.0,0.881799,3.282008,1.924482
251,91.0,4.524127,4.053296,3.814681
252,12.0,1.98841,1.537686,2.071174
253,506.0,2.229154,2.815816,4.746653
254,654.0,4.650263,5.356095,3.64214
255,345.0,3.083236,0.655,4.032177
256,93.0,6.862875,7.106456,2.344078
257,215.0,1.253846,2.874466,5.712309
258,396.0,0.42477,2.579153,3.442562
259,62.0,0.0,5.790569,6.488739
260,214.0,0.0,4.716659,5.252335
261,13.0,2.592224,0.45238,1.963277
262,1475.0,2.607155,2.616241,4.078244
264,446.0,2.960958,3.776098,3.494237
265,214.0,0.625031,4.141633,2.07628
266,5.0,0.0,1.608331,0.352341
267,9.0,5.148611,7.224379,3.903557
268,137.0,2.365494,1.491232,1.572831
269,190.0,0.026992,5.662194,7.248234
270,11.0,1.546934,5.368128,0.794275
271,3.0,3.423733,0.992891,5.220604
272,93.0,4.180957,3.394569,4.236341
274,9.0,1.595285,3.673846,0.045613
275,62.0,6.831482,1.328625,2.686326
276,350.0,1.132689,2.895926,4.039643
277,1608.0,1.159326,3.607298,1.408914
278,171.0,2.990062,3.158396,2.678665
279,62.0,2.325655,4.378096,8.159611
280,95.0,2.565151,4.639883,5.831693
281,270.0,0.858175,1.646858,0.0
282,229.0,4.528386,2.00383,1.683648
283,9.0,3.866541,1.798877,3.855847
284,190.0,2.983088,2.966646,2.725235
286,62.0,1.468049,2.940467,3.33367
287,125.0,1.477952,6.669086,2.73548
289,751.0,3.371031,5.556378,4.910958
290,137.0,5.573271,3.495651,7.072737
291,1289.0,1.055197,1.42556,7.763092
292,1475.0,0.945901,1.062306,0.464095
293,61.0,0.388135,3.939648,5.678479
294,405.0,1.162795,3.785889,3.316288
295,1134.0,0.369595,0.0,3.909615
296,287.0,3.093298,4.089608,4.492158
298,387.0,1.773067,2.031195,5.499774
299,1619.0,4.085957,2.0596,5.899197
300,1134.0,1.562627,0.0,1.631245
301,125.0,0.402038,0.069414,0.485794
302,79.0,5.233691,0.668353,3.150079
304,7.0,0.242334,1.526709,0.220003
305,16.0,0.97282,4.443744,0.497072
306,11.0,6.874473,6.06689,3.916502
307,350.0,4.387575,5.651891,4.314904
308,229.0,4.257116,4.059752,3.472811
309,313.0,2.755728,1.401118,6.049605
310,1029.0,1.756711,2.402413,1.973111
311,180.0,2.033207,2.62889,7.936422
312,215.0,3.478075,4.5031,2.833637
313,178.0,1.828193,4.680598,4.597418
314,1619.0,2.777579,3.263462,4.172609
317,16.0,4.702842,6.011417,0.480145
318,1516.0,1.232359,0.649302,5.66023
319,10.0,4.038527,3.207054,3.276372
320,872.0,0.963881,5.194277,3.52903
321,1475.0,3.663058,1.629692,5.750579
322,5.0,7.533393,2.492259,1.184197
323,1134.0,1.745523,2.669016,5.604552
324,13.0,4.447217,2.224157,5.251863
325,329.0,2.613117,4.777489,6.129898
326,189.0,1.357514,5.762424,1.156865
328,790.0,0.971813,5.377097,5.106397
329,180.0,2.486971,3.286165,0.746581
330,9.0,3.21935,3.324735,3.225303
331,20.0,3.673815,6.792636,5.114925
332,1516.0,6.882063,3.001461,6.090873
333,5.0,2.305322,0.0,0.838848
334,9.0,1.240751,6.811999,3.616949
335,270.0,2.362539,2.466851,4.174586
336,446.0,5.011592,7.355874,4.181538
337,5.0,3.293546,2.651883,2.674597
338,137.0,3.707736,1.959505,5.960889
339,190.0,6.11436,5.87171,0.956889
340,11.0,2.657887,2.480044,7.580781
341,317.0,6.233365,4.914416,5.319775
342,287.0,3.963919,1.953394,2.491818
343,1289.0,0.344185,0.978453,4.184129
344,446.0,2.345239,1.255381,2.744603
345,270.0,0.150482,3.377059,0.70635
346,1289.0,0.456214,3.447326,2.098263
347,1516.0,1.309446,2.211087,6.377491
348,1619.0,0.689501,0.0,2.67755
349,245.0,3.137518,2.874918,5.308946
350,317.0,4.122315,5.586849,3.93368
352,345.0,0.636547,0.418281,1.554265
353,16.0,0.911884,2.869734,3.651737
354,190.0,0.257987,3.027717,8.751336
356,874.0,1.670005,0.582416,3.108884
357,1475.0,2.95366,3.116074,4.149687
358,121.0,1.474132,3.889089,6.799818
360,1289.0,1.766437,4.235432,4.133935
361,751.0,3.974417,5.569466,5.039103
362,173.0,3.792814,4.525353,3.116827
363,10.0,7.998064,3.249533,0.504599
364,180.0,2.276817,1.54404,1.257536
365,700.0,0.991173,3.154327,2.761941
366,874.0,0.0,3.520054,3.939156
367,173.0,3.913626,5.669385,2.901061
369,13.0,4.734237,3.07186,6.29519
370,178.0,4.694058,2.911512,4.135363
372,874.0,1.184135,1.595677,1.521191
373,10.0,6.277535,7.384965,2.88869
374,1029.0,0.0,0.933143,1.947866
375,1516.0,1.776422,0.0,4.001883
376,62.0,0.444162,6.916452,4.402977
377,229.0,0.266523,3.865765,1.555071
378,13.0,4.49349,2.292952,5.318627
379,189.0,2.605635,6.764285,6.060284
380,1611.0,2.581401,1.647198,2.736635
381,173.0,1.339387,2.464587,2.614209
382,1099.0,3.588367,5.224883,4.541442
383,874.0,0.0,1.487152,2.727655
384,1516.0,3.11727,2.341522,5.28613
385,245.0,5.607199,4.288349,3.63132
386,1516.0,2.926743,6.19526,0.140219
387,1611.0,1.152459,2.824924,0.0
388,91.0,1.655937,2.147342,2.031942
389,849.0,1.799999,3.520805,5.305132
391,849.0,2.20524,2.791939,4.765122
392,849.0,0.503359,2.237228,2.540758
393,190.0,0.0,4.355188,2.4781
394,61.0,2.18895,6.26903,7.128392
395,287.0,1.160631,1.983676,8.631259
396,1619.0,0.949329,1.581185,3.625453
397,317.0,0.061072,1.277885,2.692945
398,79.0,1.901438,4.745834,5.143372
399,405.0,1.264139,4.281426,1.230375
401,270.0,1.563428,0.947067,2.030236
402,1608.0,2.572654,0.191489,3.004573
403,178.0,3.323318,5.077638,2.236504
404,1475.0,0.736033,6.312524,3.199655
405,874.0,1.862561,0.0,2.27056
406,350.0,4.571418,5.396476,3.011747
407,79.0,5.641876,3.454174,4.320969
408,396.0,1.135703,2.411763,1.867267
409,178.0,3.769373,7.268339,2.059068
410,1516.0,2.592273,0.189929,4.198681
411,405.0,0.300047,6.010206,8.009147
412,1475.0,0.312733,0.809526,2.727613
413,1289.0,2.398487,0.0,2.673256
414,1099.0,3.892092,3.818405,5.289059
415,178.0,3.670589,4.721709,3.602769
416,137.0,4.258399,2.72526,5.827966
417,173.0,3.957236,1.563401,3.50722
418,15.0,7.029225,2.608581,3.513603
419,849.0,0.278854,0.204225,1.571274
420,13.0,3.114651,1.837066,3.38698
421,1029.0,0.976695,0.323401,0.625391
423,61.0,0.827694,1.614032,5.301764
424,506.0,1.119589,0.265414,2.509084
425,1099.0,4.932341,1.592256,4.236988
426,849.0,0.0,3.049896,3.842295
427,270.0,0.61468,1.303522,6.048647
428,1608.0,1.294452,2.773198,1.752994
429,121.0,5.890347,2.412078,3.333535
430,178.0,6.509773,6.21599,1.026649
431,506.0,0.0,2.010118,1.925669
432,357.0,0.0,0.0,1.485377
433,171.0,5.084999,3.08404,4.493397
434,387.0,2.09856,5.623054,5.677131
435,3.0,6.052688,1.912715,4.331876
436,60.0,2.902773,4.340456,4.472269
437,5.0,3.7748,3.958647,4.608633
438,125.0,3.468737,4.282089,4.36275
439,287.0,1.267581,0.594881,1.008239
440,9.0,1.969158,1.909637,1.365698
441,121.0,4.38201,1.801549,4.292472
442,95.0,1.244962,0.868931,2.489008
443,5.0,1.614817,2.991403,5.176599
444,189.0,0.891448,4.964209,0.95397
446,13.0,2.45886,3.035891,2.302402
447,700.0,0.0,4.129263,4.217736
448,1625.0,0.0,4.321225,5.108125
449,95.0,0.602982,1.264999,0.861911
450,16.0,1.090209,4.840909,1.550827
451,10.0,6.336748,5.600531,5.035721
452,91.0,8.952432,6.085499,2.167688
454,178.0,5.13823,4.483438,3.619547
455,245.0,2.025489,0.924166,2.225922
458,1619.0,3.598812,1.706704,6.123115
459,178.0,3.660327,5.335923,0.703886
460,62.0,0.910027,0.209073,2.565525
461,178.0,1.602545,3.344127,1.74587
463,396.0,0.0,4.57951,4.839863
464,317.0,4.453032,2.409626,3.694355
465,79.0,4.239554,7.307673,2.757493
466,215.0,4.064498,3.937835,6.687856
467,171.0,2.752996,1.160973,1.688031
468,1289.0,1.623061,1.992147,4.395176
469,178.0,2.351674,2.425518,2.085027
470,313.0,3.638663,3.41012,4.977224
471,700.0,1.402214,1.8124,3.620892
472,15.0,6.58491,6.261861,2.440937
473,1516.0,1.82655,0.308051,4.278162
474,405.0,2.49695,5.284656,7.281863
475,60.0,0.73634,2.79116,0.0
476,872.0,2.288747,3.594567,5.507072
477,872.0,1.673475,0.0,2.665658
478,1611.0,1.698314,1.857891,4.806402
480,1625.0,0.502585,0.905686,2.732665
481,13.0,5.368111,4.55534,7.747311
484,506.0,0.790199,3.661342,1.709089
485,10.0,1.554361,4.781383,2.282891
486,317.0,7.189631,7.14484,4.272417
487,446.0,8.699738,7.856258,0.0
488,9.0,6.084864,7.380565,0.860943
490,849.0,0.616945,3.756646,7.133019
491,95.0,0.570622,4.446908,7.935911
493,173.0,4.742118,4.348326,2.771213
494,405.0,0.631719,1.897521,1.470028
495,20.0,7.245695,6.372026,0.0
496,405.0,0.80014,0.0,1.69778
497,11.0,4.624012,1.711001,2.669164
498,874.0,3.385827,1.898882,3.30241
499,446.0,0.0,0.064857,3.417088
500,287.0,0.437071,1.475115,5.502509
501,1134.0,0.615349,2.375697,4.161491
502,506.0,0.183833,0.279904,1.273531
503,61.0,0.180598,2.692194,0.749927
504,189.0,0.0,2.592852,4.173375
505,11.0,2.287135,3.797294,3.498627
506,751.0,3.95997,3.352625,5.890305
507,13.0,3.70005,4.648451,3.839995
509,93.0,1.540974,0.928869,3.263562
511,125.0,4.667283,6.300756,5.318161
512,62.0,2.377385,2.148148,2.702277
514,728.0,1.908628,2.21861,1.336435
515,12.0,0.826137,0.691065,3.038104
516,396.0,3.013061,4.201869,4.2281
517,79.0,5.546527,6.012352,4.635277
518,121.0,3.630543,2.660932,1.81487
519,15.0,2.871448,0.422161,2.374213
520,287.0,2.446063,2.094454,5.761917
521,751.0,2.909809,1.594378,3.321839
522,654.0,2.940146,2.125877,2.74916
523,190.0,1.519706,5.131319,2.044915
524,387.0,2.531155,1.28394,3.383305
525,1289.0,5.584208,1.015215,1.002806
526,874.0,1.41951,4.247611,6.966014
528,1029.0,0.258973,1.408221,0.94961
529,287.0,0.7762,0.0,1.509437
530,287.0,0.525431,0.025913,4.639318
531,95.0,1.646969,4.580338,8.849482
533,62.0,0.505777,1.597271,0.0
535,12.0,5.068176,4.188694,3.673057
536,396.0,2.618299,3.772833,4.670699
537,13.0,3.909694,1.889644,4.517444
538,173.0,2.130762,0.99603,1.73944
539,329.0,0.731794,2.842284,0.306905
540,9.0,2.427132,5.294116,6.64334
541,287.0,1.696931,0.238897,1.078552
543,121.0,3.903022,2.9879,6.423757
544,849.0,2.391476,2.939586,2.201432
545,405.0,0.581407,0.0,1.573557
546,171.0,8.327662,4.354443,1.788191
547,189.0,0.53942,5.413989,2.846521
548,446.0,0.85178,1.080458,6.080766
549,171.0,3.039122,1.845816,2.828799
550,20.0,3.350011,4.155985,4.824252
551,10.0,0.826157,0.460704,1.48225
552,229.0,3.054219,2.335048,6.801205
553,60.0,2.033843,1.590235,3.633761
554,20.0,1.3593,0.574454,2.245862
555,137.0,2.41675,3.142845,2.584596
556,5.0,6.541574,6.430552,5.1434
557,790.0,3.051649,5.601835,2.286152
558,10.0,4.774425,7.264109,1.834714
559,874.0,1.118268,3.692424,0.0
560,1134.0,0.836142,2.397786,1.415688
561,872.0,0.799072,0.371811,2.112884
563,405.0,3.006976,4.441792,4.150725
565,1134.0,0.086395,4.14724,3.321574
566,350.0,0.82795,2.574823,4.973946
567,137.0,6.399468,2.108365,4.063192
568,10.0,2.125771,3.726977,1.373335
569,1134.0,4.755897,1.296538,4.324058
570,329.0,0.0,5.439267,6.833848
571,751.0,3.381902,0.504179,3.81192
572,215.0,1.801861,2.007156,2.255724
573,20.0,0.986168,0.0,1.005281
574,5.0,0.425812,4.147184,0.768696
575,1625.0,1.060076,1.204132,2.359073
576,91.0,4.634632,3.475263,3.858941
577,62.0,4.309293,2.461673,2.270331
579,357.0,1.528116,3.351033,1.6181
580,345.0,0.870788,1.519512,1.861087
581,11.0,2.590651,0.402574,3.639154
582,446.0,5.987828,1.281752,0.385172
583,245.0,1.985018,3.433334,1.745743
584,357.0,1.274256,0.0,2.329034
585,53.0,3.174629,3.53849,2.850657
586,849.0,1.723292,1.938956,1.761564
587,13.0,5.469053,3.593596,7.364616
588,1029.0,2.245714,3.263913,3.970206
589,13.0,4.100929,3.713826,3.014151
591,396.0,1.851293,0.841859,5.362213
593,1099.0,0.979515,2.091207,1.743802
595,178.0,3.029908,4.689601,1.402835
596,1289.0,1.461611,0.0,4.703762
597,10.0,3.957095,3.630353,3.172527
598,1029.0,0.0,1.454745,1.400407
599,396.0,1.364821,2.520428,2.585076
600,11.0,2.605352,1.254365,6.636356
601,270.0,2.132325,2.64512,3.842572
602,178.0,3.256328,1.277525,1.85295
603,15.0,5.589964,2.438589,4.878163
604,1134.0,1.352519,0.077392,1.750198
605,189.0,0.488851,4.203287,1.490696
606,359.0,2.557252,3.148719,3.132229
608,1475.0,0.691866,0.0,2.460668
609,13.0,1.32004,1.571005,0.09914
610,387.0,1.973766,2.718501,2.819038
611,359.0,1.435835,1.668465,2.941868
612,173.0,5.912377,7.904644,1.489108
613,1625.0,0.267815,0.848837,0.524977
614,751.0,3.324199,6.216134,5.653402
615,79.0,4.78527,6.385242,3.334925
616,16.0,1.998286,1.334253,2.122984
617,79.0,3.498522,2.075388,3.118431
619,171.0,2.372137,0.045209,2.331236
620,215.0,0.453768,1.582087,1.046006
621,13.0,4.643835,3.58653,5.489231
622,91.0,3.940621,3.20332,3.466159
623,62.0,0.520784,6.292651,5.378104
624,125.0,1.568518,3.083122,8.704582
625,180.0,2.432928,1.640295,4.665284
626,229.0,2.06374,4.341505,6.33226
627,1475.0,0.142778,2.544132,1.687254
628,1029.0,0.0,1.489946,1.929832
629,3.0,8.475318,2.248355,2.699332
630,270.0,5.235837,6.518769,2.886406
631,5.0,4.121543,2.399529,3.926403
632,1289.0,0.473091,3.149353,4.14132
633,1252.0,0.459746,2.474986,0.777609
634,1608.0,0.993334,0.938615,1.669012
635,190.0,2.837439,4.503281,2.968407
636,1029.0,0.247996,2.396858,3.925618
637,1516.0,0.0,0.785638,1.041316
638,79.0,2.513865,0.988182,3.9381
640,446.0,1.401964,2.429746,6.597816
641,1516.0,0.237365,2.798102,3.329876
642,872.0,1.552796,0.035404,1.110284
643,872.0,3.510299,0.061776,1.621307
644,178.0,1.465417,0.827355,1.728292
645,12.0,2.774832,1.854586,4.247453
646,387.0,2.709219,0.36273,2.606505
647,13.0,7.374128,6.722024,0.494967
648,245.0,4.803542,2.050416,4.510328
649,7.0,6.145489,3.380934,5.070016
650,270.0,3.742655,4.635911,5.344838
651,446.0,0.363598,5.365577,2.485025
652,189.0,0.956463,5.481942,1.988178
653,137.0,4.880326,3.897197,5.099196
655,61.0,0.560516,4.133979,4.107688
656,446.0,1.216715,5.330242,1.972413
657,62.0,5.320765,6.404182,5.245235
658,189.0,0.559711,6.033402,5.784512
659,214.0,2.12631,4.163648,1.790112
660,359.0,4.824607,4.828122,4.290635
661,654.0,2.35184,5.20709,1.764429
662,1625.0,0.0,3.099189,1.962496
663,215.0,4.491502,5.292861,6.0354
664,79.0,3.025163,2.095443,4.129725
665,313.0,2.041194,5.149202,5.457026
666,872.0,2.329237,1.722222,2.959129
667,137.0,4.935111,2.150535,4.610412
668,15.0,0.620839,0.487643,1.297526
670,506.0,1.29169,1.059853,3.285078
672,171.0,4.603025,2.581237,6.021569
673,125.0,2.082423,4.000831,4.920283
674,1625.0,0.165125,1.481906,6.078177
675,849.0,0.270334,1.162267,0.499162
676,1029.0,0.982865,0.614798,3.497036
679,1099.0,3.849352,0.728521,2.971828
681,1608.0,1.151606,0.339027,2.113533
682,173.0,5.611733,5.454746,7.488436
683,53.0,2.447704,5.755767,1.685369
684,506.0,1.541099,2.957109,5.136192
685,229.0,3.676907,3.361236,3.435611
687,270.0,2.906144,6.140146,2.330413
688,171.0,3.391339,4.518505,6.085609
689,178.0,1.063262,3.685439,4.297847
690,654.0,1.798027,0.680139,0.266052
691,345.0,3.072522,3.360919,4.462767
692,11.0,6.608637,5.551521,5.189221
693,215.0,0.514848,3.318679,7.939451
694,359.0,4.791127,6.267692,3.626171
695,697.0,4.387246,0.747862,4.371453
696,1289.0,0.074567,0.556337,1.848478
698,1619.0,1.320284,6.186937,7.549639
699,357.0,0.537814,3.940119,2.725353
700,317.0,0.0,0.662761,1.492572
701,387.0,3.270112,2.981981,5.877188
702,11.0,4.353806,2.916512,5.183726
703,345.0,4.482595,1.920843,5.63041
704,345.0,2.780795,0.232136,2.889493
705,1289.0,1.771596,3.238008,5.266985
706,62.0,2.091925,1.148856,1.615313
707,178.0,3.510272,2.510452,6.756423
708,190.0,1.133369,3.449675,3.619658
709,79.0,4.926733,4.28392,3.327855
710,10.0,4.994419,6.550275,3.819797
711,872.0,4.238956,5.330215,5.095773
712,178.0,3.215739,1.314227,3.709204
713,654.0,1.135985,1.748781,3.121634
714,178.0,4.489954,4.851415,5.295975
717,751.0,2.997981,0.948679,3.504266
718,137.0,2.680908,0.08955,1.697873
719,229.0,1.491164,6.21841,1.813278
720,60.0,0.44156,2.386476,0.210123
721,171.0,4.182814,3.91986,5.048657
722,728.0,4.268365,1.34546,2.880614
723,1475.0,1.893703,1.134344,5.169165
724,62.0,0.555844,4.076016,6.064099
725,5.0,2.509161,3.487403,8.280358
726,654.0,4.981978,5.054238,0.0
727,93.0,4.972307,6.062232,3.825477
728,350.0,0.920762,3.729142,5.570136
729,728.0,0.54458,3.95944,8.600557
730,11.0,3.110028,3.732728,2.053608
731,654.0,1.552026,2.683097,3.44768
732,506.0,4.115571,2.843865,1.40932
733,506.0,0.101289,3.788427,2.98389
734,728.0,2.529336,2.604061,2.306977
735,137.0,4.047946,1.982216,5.838784
736,446.0,1.596465,2.98701,1.964303
737,5.0,3.517314,2.373719,4.152822
739,121.0,4.859255,4.719407,5.638258
740,5.0,5.109257,5.634572,5.773999
741,317.0,3.450111,2.804221,2.939752
742,1475.0,0.017927,2.009363,1.680848
743,79.0,1.292403,1.829352,2.559992
744,1608.0,0.420446,4.320182,1.72491
745,5.0,5.749988,2.099619,4.705431
746,1289.0,2.011717,1.883335,4.933673
747,270.0,3.441502,2.610625,6.047514
748,91.0,3.584774,1.962197,1.575508
749,9.0,2.719325,1.410741,3.787014
750,1625.0,0.792014,0.0,2.123818
751,245.0,1.752962,6.922679,4.229749
752,229.0,5.581303,7.354625,1.726397
753,5.0,4.926494,4.833798,7.493358
754,697.0,5.522247,1.115487,3.689639
755,317.0,3.831448,6.116341,3.314564
757,1099.0,0.73096,4.18681,3.041401
759,12.0,4.103888,6.863324,2.587529
760,60.0,1.804681,4.294614,6.949826
762,62.0,0.0,4.241017,5.69147
763,287.0,2.298697,1.390046,2.046333
764,317.0,0.441903,0.141826,2.241159
765,405.0,7.685886,2.945984,4.844644
766,53.0,6.656601,6.127203,3.846364
767,245.0,7.123914,8.176444,2.709568
768,214.0,2.421536,3.639328,1.320387
770,405.0,2.480352,2.482044,3.126646
771,190.0,0.85905,4.256801,7.188249
772,215.0,4.786745,4.977327,7.102769
773,697.0,3.60674,0.922915,3.595685
774,93.0,2.835471,5.210198,2.470922
775,405.0,0.0,2.334064,3.85273
777,751.0,2.879394,0.614453,4.847355
778,245.0,3.424862,1.974961,3.191735
779,215.0,0.212522,5.40625,4.687654
780,5.0,3.938753,5.057021,2.753985
781,728.0,1.209789,4.093787,4.936381
782,171.0,2.580919,4.438269,3.420722
783,15.0,5.206435,6.267612,2.573759
784,189.0,2.076633,0.936837,0.925162
785,214.0,1.325856,0.455197,0.894646
786,654.0,2.91122,6.796243,2.421154
787,270.0,1.500299,0.0,3.622892
788,9.0,0.948195,0.609448,3.035838
789,872.0,4.216733,2.890795,1.968333
790,61.0,2.343933,3.428227,6.261404
791,697.0,1.988127,1.135084,2.123696
792,95.0,4.757759,5.08261,3.613546
794,180.0,5.169143,6.476318,0.845031
795,15.0,8.742066,3.886642,3.464695
796,10.0,7.688739,6.671567,1.367063
797,1099.0,2.168723,2.076591,2.191623
798,3.0,3.807632,2.34211,3.385892
799,16.0,1.050047,2.529862,5.78798
800,405.0,1.223246,2.424323,8.543592
801,270.0,4.111979,4.649961,4.709507
802,79.0,4.871599,2.679933,6.625467
803,171.0,5.181512,5.018536,4.302038
804,329.0,2.490835,4.308354,6.364592
805,121.0,8.080978,5.531837,0.720234
806,287.0,1.282368,4.076805,8.35885
807,1134.0,2.199726,2.665987,6.78757
808,229.0,1.65495,1.913154,5.668962
809,60.0,6.365186,6.504737,4.102858
810,190.0,0.320185,3.767646,7.500073
811,16.0,1.306143,1.741157,2.217207
813,9.0,0.0,5.420232,4.702471
814,387.0,2.615386,2.474196,6.839717
815,79.0,5.830858,5.549751,3.616255
816,849.0,2.814006,2.443722,3.268898
817,405.0,0.505458,1.299199,6.290176
818,171.0,0.799381,3.578405,1.129802
819,37.0,6.14571,5.288122,3.598484
820,1252.0,1.833055,2.360315,2.037894
821,697.0,2.23275,1.75428,4.338441
822,9.0,1.421211,1.577098,2.871287
823,16.0,6.820107,4.896693,4.557991
824,121.0,3.434572,3.271197,5.571253
825,359.0,2.457685,3.105691,2.236476
826,178.0,4.493506,5.241338,4.466887
827,245.0,2.778595,1.179501,4.813849
828,287.0,0.673187,0.268705,0.655033
829,874.0,0.0,3.448405,7.98406
830,329.0,1.171633,3.002395,6.422993
831,9.0,3.585594,1.905872,4.101152
832,329.0,2.72314,3.762074,4.569796
833,189.0,1.568397,1.881542,4.645342
834,506.0,2.238996,2.424968,3.803462
835,1099.0,1.570392,0.286806,3.363577
836,329.0,3.267363,3.294719,5.620056
837,229.0,0.264224,2.930344,6.637779
838,357.0,3.164576,4.429935,3.17009
839,350.0,2.955847,4.148654,4.16483
840,79.0,5.444166,4.262383,5.86613
841,16.0,2.213313,1.935348,4.848829
842,1608.0,3.313122,2.0611,4.883707
843,728.0,0.875617,3.001851,5.580302
844,171.0,4.651929,2.668015,5.975015
846,180.0,5.0254,2.081072,1.024112
848,1608.0,1.54197,0.280193,2.832868
849,359.0,4.390768,4.573191,3.289572
850,287.0,2.657801,4.17054,2.445504
851,446.0,0.361048,4.960705,3.04432
852,700.0,1.166749,1.763123,2.658732
853,1625.0,0.955566,1.776157,3.938095
854,317.0,0.726794,6.740672,3.587912
855,125.0,3.068311,4.743931,5.67716
856,329.0,0.0,0.943408,1.118088
857,5.0,8.569869,3.741601,0.848229
858,171.0,6.378041,8.684943,0.777951
859,270.0,0.75848,0.355707,1.696825
860,790.0,1.632909,0.0,1.378798
862,125.0,1.874247,4.454816,1.34155
863,125.0,1.630147,2.301069,1.148925
864,350.0,0.509618,1.740528,2.396978
865,15.0,4.52484,3.206184,4.876849
866,874.0,3.460787,2.352457,3.325952
867,1516.0,2.344311,4.435933,3.677593
868,313.0,3.659556,2.078839,3.665825
869,20.0,6.036915,2.261248,0.579454
870,9.0,2.318095,3.88487,6.519352
871,270.0,2.562802,2.750097,2.718682
873,446.0,0.256098,4.55285,7.533748
874,1475.0,3.410929,1.351866,5.546247
875,313.0,5.190823,5.087226,5.520741
876,245.0,4.296865,6.917421,2.874148
877,171.0,4.381347,4.086675,4.57414
878,10.0,5.273578,7.237474,3.350474
879,214.0,2.27768,1.625285,1.764889
880,189.0,0.552846,4.616237,0.724051
881,345.0,2.695652,2.834795,8.516354
882,396.0,0.356327,0.972054,4.886002
883,317.0,4.264446,3.559492,5.277218
884,849.0,2.761634,2.538817,5.068799
885,849.0,2.013996,0.371578,4.427756
886,405.0,2.668309,0.757129,4.126111
887,1608.0,1.692244,1.785074,2.983536
888,95.0,4.135803,3.187237,3.550559
889,173.0,3.822681,3.007375,2.88627
890,11.0,1.961521,2.149545,4.893734
891,1029.0,1.697566,2.931533,3.419023
893,357.0,1.967068,2.891827,1.968601
894,874.0,1.232656,0.121925,2.907761
895,215.0,2.153529,6.216328,3.386251
896,125.0,5.046623,5.261896,3.646803
897,313.0,1.29281,0.117025,2.088347
898,10.0,3.59717,4.068081,5.030362
899,11.0,3.63588,3.727175,3.128914
900,1099.0,0.785346,5.380808,5.57058
901,16.0,2.278524,5.672234,1.562949
902,79.0,4.661654,3.389189,5.602079
903,317.0,5.926504,4.000605,4.179941
904,13.0,5.875611,3.682634,3.580932
905,178.0,4.614595,3.95391,6.336526
906,13.0,8.614163,6.530448,3.246358
907,5.0,5.367709,3.772265,5.84321
908,872.0,3.197878,1.081558,5.921261
909,359.0,3.602723,5.630763,1.28479
910,180.0,0.956525,5.001798,2.394447
911,13.0,3.914383,2.683851,4.548228
912,215.0,0.228148,3.372227,0.552637
913,16.0,3.488815,1.897297,6.114039
914,751.0,2.771997,2.140916,1.340359
915,178.0,2.596503,1.932925,1.71185
916,12.0,1.532049,6.854375,5.402803
917,329.0,1.823268,4.516172,2.685239
918,654.0,7.816269,4.92074,0.389779
920,214.0,1.304315,1.819726,7.364832
921,9.0,0.94401,4.583946,1.342322
922,173.0,3.756737,1.426765,2.930636
923,359.0,1.482211,1.200935,5.519573
924,13.0,3.089458,4.034687,3.259518
925,10.0,4.706766,6.449921,3.386348
926,178.0,5.563315,4.978478,5.50264
927,446.0,5.402342,3.633151,6.987187
928,93.0,4.203611,5.512855,6.476203
929,874.0,0.690855,4.563145,3.393572
930,357.0,2.507298,2.373922,4.947454
931,1252.0,1.095893,1.26631,3.294456
932,7.0,5.105016,3.831378,5.035551
933,654.0,2.806536,6.823314,0.257911
934,13.0,5.418192,5.533641,5.117188
935,1619.0,1.515112,2.659435,6.435969
936,5.0,4.659906,5.040009,4.19307
937,178.0,1.988838,4.956206,3.838431
938,13.0,4.005312,2.410077,5.476988
939,790.0,1.557199,6.295871,1.51728
941,357.0,1.882394,1.664512,1.332469
943,190.0,2.577226,3.550736,3.973321
944,1029.0,0.049332,3.890019,2.544445
945,357.0,0.514226,2.914423,2.374249
946,1252.0,2.084708,0.78512,5.735461
947,317.0,6.574179,4.565372,4.92596
948,12.0,4.258053,1.127905,1.395548
949,357.0,3.036295,2.555565,3.180163
950,13.0,4.776847,2.117008,3.243325
951,10.0,4.251182,2.70331,2.291931
952,1289.0,0.0,2.526222,1.954809
953,245.0,5.175144,6.438578,0.659168
954,3.0,3.633216,1.104306,2.499678
955,790.0,2.671669,3.469014,2.923907
956,345.0,4.765794,4.943532,3.965289
957,287.0,3.84301,3.397517,4.242675
958,728.0,0.39363,6.811903,6.358438
959,700.0,0.705495,0.0,1.753756
960,13.0,4.209358,4.117232,5.120197
962,60.0,2.447656,3.093991,6.366073
963,180.0,1.780263,0.743961,2.567967
964,345.0,2.028482,0.0,1.00921
965,37.0,8.293528,6.432275,2.931244
966,697.0,4.762542,4.409077,6.312817
967,1099.0,3.818885,4.14342,4.490426
968,20.0,4.09963,4.506207,3.365909
969,350.0,0.194682,0.71584,2.045252
970,62.0,2.830794,5.631081,7.44681
971,10.0,3.165346,3.671083,4.856778
972,345.0,5.091048,4.897095,4.31953
973,345.0,2.138468,1.785106,2.517221
974,697.0,3.522208,1.200995,4.781868
975,790.0,0.801788,4.166643,3.776471
976,270.0,5.191853,6.33341,6.686584
977,345.0,2.559711,3.446449,1.783224
978,1516.0,1.102717,5.623922,1.132933
979,171.0,2.814523,3.491179,8.089627
980,751.0,5.121753,5.027762,4.658635
981,11.0,5.054275,2.500679,4.141875
982,345.0,3.793851,5.28371,4.334989
983,95.0,0.832129,0.588952,2.605862
985,53.0,5.710114,6.660563,3.140127
986,697.0,3.088835,4.156528,4.475991
987,350.0,0.878955,0.569369,2.872213
988,387.0,1.901187,2.94595,5.396542
989,405.0,0.888725,5.062014,4.887637
991,62.0,0.0,1.188531,2.277004
992,446.0,1.688734,1.603806,1.20179
993,1475.0,2.999587,1.960077,4.979952
995,178.0,3.638849,1.182491,3.126369
996,5.0,6.419981,5.670564,4.035132
997,91.0,4.18131,5.780272,3.466772
998,20.0,0.77833,4.575561,5.250448
